image,prediction
test-4007.png,76EKW3
test-3076.png,4FY58Y
test-483.png,UHA2WT
test-8.png,H5SG63
test-1405.png,PDGENJ
test-2431.png,T97RJU
test-388.png,9SSFK4
test-1626.png,A95YJC
test-76.png,4TH33W
test-4307.png,KWKMR4
test-2852.png,4R3RWM
test-2891.png,C9UQJX
test-1340.png,H4MB98
test-1247.png,JQ46NN
test-3093.png,CCCGSH
test-4640.png,J482SH
test-213.png,FGYENG
test-169.png,FQE6NX
test-4889.png,FUDWSJ
test-519.png,HPU5GJ
test-1908.png,T9HBBV
test-2180.png,RQ6HM8
test-91.png,7AAK54
test-431.png,BM8QV7
test-927.png,DZ93AQ
test-2714.png,MQYT6Z
test-4271.png,RF8JG7
test-561.png,KRDCRY
test-2998.png,Y4J2W8
test-2848.png,624VN3
test-1583.png,ASN4JX
test-1982.png,MX7EJT
test-857.png,MGXKFJ
test-1748.png,V62DKW
test-2174.png,TYACRN
test-1941.png,5ZBU64
test-728.png,XBCYCF
test-4827.png,EWAKYF
test-4279.png,VK67NX
test-4820.png,YUGVVE
test-2321.png,Z6PKAG
test-1162.png,RRQDHF
test-3772.png,NCF7F6
test-1185.png,RP4WJB
test-2983.png,MNKNE2
test-762.png,9CCZMQ
test-3914.png,4G7TCV
test-687.png,8BYB4H
test-823.png,5NB6AF
test-4429.png,K897NY
test-3698.png,8NZ46E
test-3853.png,7N77QB
test-2260.png,H6EN66
test-4463.png,MSD47G
test-4763.png,CU2JJA
test-1611.png,8KJAQA
test-1545.png,F3SDN9
test-2248.png,HH5ZDQ
test-529.png,EDP6UC
test-3407.png,P5HG3B
test-2175.png,6QWD5G
test-1813.png,KUSCRZ
test-4557.png,5GEK9D
test-128.png,BXJ69S
test-4097.png,C9C2EZ
test-446.png,QVHM7N
test-1425.png,WABT6S
test-4751.png,QSN3H9
test-956.png,9455Y3
test-2901.png,C5DTTZ
test-3192.png,AWAGH3
test-4932.png,Z8PSBE
test-2105.png,UKEVKU
test-356.png,D7BKN5
test-2768.png,ZCXM66
test-1891.png,WH5452
test-3651.png,33USM3
test-1747.png,EGGJPX
test-1001.png,R6MERY
test-2517.png,T2M9TK
test-1116.png,Z92WNA
test-782.png,9ZGS9P
test-2471.png,UWURYE
test-4833.png,5PYGRW
test-2412.png,WMTJYS
test-2264.png,3HC7P5
test-3711.png,92WBKS
test-2725.png,M2AM4H
test-1383.png,5EDBQ3
test-689.png,VGCX7X
test-1711.png,HX7VRC
test-4258.png,JEJC2F
test-4353.png,56K4R5
test-4873.png,FM4EFB
test-2396.png,JGUUAU
test-801.png,66SX63
test-409.png,MSEFUX
test-2829.png,GQCVK4
test-3181.png,TB6577
test-998.png,KX4ABS
test-1790.png,5V37E4
test-1332.png,HRMGDJ
test-783.png,XABT9G
test-3079.png,QJU5AC
test-2251.png,2SH4BH
test-3646.png,UJDWY8
test-4100.png,MQFZ6P
test-3431.png,V6V8CJ
test-1872.png,4WTV4S
test-2574.png,MDK64E
test-166.png,93DY9G
test-2770.png,FKG9R7
test-2065.png,E75E9Z
test-2314.png,RX6T4M
test-1890.png,RRQ7G5
test-1513.png,HH6BBU
test-4695.png,HE777R
test-3163.png,3PGJ6Y
test-2124.png,PB5Y8A
test-3846.png,AXJBB6
test-2546.png,FJE5MK
test-2037.png,46PS8H
test-4600.png,QPWTJN
test-3133.png,M6PY9P
test-624.png,VR26EG
test-941.png,DJ4G4E
test-426.png,3N6RFG
test-3926.png,J4ZCAG
test-4300.png,3S439X
test-90.png,7FZUBQ
test-638.png,PN98RB
test-154.png,JS9FVF
test-3796.png,YBUC8Q
test-1163.png,52FMN4
test-877.png,EKX6SN
test-4420.png,RD6DX6
test-1135.png,W9FHUH
test-4720.png,AEFS94
test-1896.png,49SK7Y
test-2547.png,MGED3Q
test-3546.png,8GSB4G
test-3911.png,QNFAJP
test-1833.png,TPA9BH
test-2750.png,NYPASU
test-1931.png,5GY3EG
test-4752.png,B2MYFU
test-1824.png,PRW5YU
test-1212.png,23WBUW
test-43.png,JEDBZT
test-2228.png,PG6KJX
test-3562.png,BUF4DK
test-2183.png,82ENTV
test-3851.png,HC59BH
test-3143.png,A52YD3
test-3722.png,W4HVA9
test-2722.png,6D6WFV
test-741.png,4UUZSH
test-1198.png,VNVCE3
test-4838.png,PTNTZA
test-911.png,8QY33B
test-3801.png,DDYHA6
test-3357.png,WBAMHS
test-4591.png,8HP5TV
test-979.png,UYM4RA
test-3322.png,ZK9CCE
test-2118.png,4WU2VC
test-835.png,YUVHQW
test-2783.png,DNMB36
test-67.png,G9PHX9
test-4230.png,977YBK
test-3091.png,97C37B
test-4495.png,NC9XUK
test-608.png,J788ZE
test-3272.png,FJCMB5
test-3139.png,ZACE3F
test-4193.png,JABGYQ
test-3491.png,QG293M
test-131.png,KXXCUW
test-1564.png,6S2B9D
test-249.png,A9DBQW
test-4709.png,PJT3JN
test-2394.png,W5UF54
test-2061.png,5ZQXN4
test-2617.png,USFRFQ
test-1989.png,UDAA6E
test-1353.png,2Y29DC
test-4595.png,DXUTYN
test-4579.png,SGMGUU
test-4922.png,SPJVG9
test-34.png,D93K82
test-3393.png,DF5MRW
test-1075.png,DBPFBX
test-1581.png,BN3336
test-110.png,FFJA9F
test-1455.png,ABU39V
test-1241.png,SA2787
test-4731.png,JA9Z3N
test-345.png,7W7MBV
test-3255.png,9EB6YZ
test-3643.png,Y26HR3
test-680.png,2MS2YT
test-2690.png,YGGKKA
test-2328.png,MUSSVT
test-2550.png,BX7W55
test-591.png,W54PQR
test-4225.png,YXMEV6
test-3430.png,EGA36X
test-3616.png,545BDY
test-1910.png,BK4KVW
test-1704.png,4TNUPS
test-1486.png,BQJWYC
test-2149.png,ZW4YST
test-4370.png,28AR6A
test-3200.png,QR44J2
test-623.png,T3A983
test-936.png,9YPQYX
test-2447.png,BNF44B
test-3709.png,2R2S4H
test-1819.png,98KEND
test-2444.png,XVUM2H
test-4623.png,3RFND4
test-337.png,5M2QU2
test-1151.png,B68DTJ
test-2565.png,4HGFP7
test-4511.png,K3XXZZ
test-450.png,BZCWP2
test-1679.png,58NUE7
test-215.png,ZW2HYT
test-2993.png,9ZY29T
test-992.png,QMAUQP
test-200.png,CF6V26
test-3744.png,GJ96N6
test-2798.png,5RT27Q
test-621.png,9N3FRD
test-3147.png,CPGUDQ
test-355.png,MQ7KHQ
test-4044.png,JXUVTX
test-674.png,2P9E9F
test-809.png,5CD4JN
test-3168.png,YNU46P
test-2257.png,HN5UQS
test-4405.png,5M5X6F
test-223.png,CPCR4P
test-4309.png,Q9MRMZ
test-2170.png,HGSV5Y
test-2846.png,RV2C6E
test-1799.png,PUZ7YD
test-3282.png,A9ZNDP
test-1294.png,2CPPSW
test-2623.png,3ZQGB2
test-3318.png,3CWHGB
test-3389.png,845NQH
test-1238.png,D4BEPC
test-4466.png,6SBC69
test-2919.png,VR5BXN
test-589.png,22BT92
test-4183.png,ZDUZT5
test-4358.png,GFYG8
test-3803.png,MRRAWF
test-2365.png,QZ8B8Z
test-238.png,S4H6BB
test-3634.png,89Y47V
test-271.png,K9PXGM
test-1203.png,KTWJDE
test-4996.png,WNQH33
test-4530.png,XUHB6T
test-3868.png,N4PP8D
test-1903.png,RCGAT7
test-451.png,FVZJEX
test-2954.png,Z5Z2H9
test-3419.png,WRE32J
test-4625.png,8CGXDZ
test-3420.png,NQ8FQV
test-1037.png,H3NYGW
test-3227.png,NB25YE
test-359.png,YA67Q9
test-3582.png,HAF69C
test-1334.png,YMN4T6
test-89.png,7DBB2D
test-2090.png,S49BZA
test-738.png,UCTYJS
test-2904.png,MWR3UB
test-2234.png,S8EGVP
test-698.png,Z5WBA6
test-4138.png,G6MNFE
test-1394.png,ZP4Y87
test-3484.png,5QRTS8
test-3815.png,45PW63
test-2335.png,ZBVN8Y
test-51.png,DH6CMK
test-4824.png,88SNQE
test-1946.png,4NGJE6
test-126.png,68ESP6
test-1535.png,3Q68EK
test-4900.png,VTM8QS
test-1086.png,VJ2S8A
test-2237.png,4QQMTD
test-1153.png,T6DGVJ
test-2509.png,2NZQSZ
test-3122.png,5UP5JJ
test-749.png,PSUVVN
test-1267.png,QW5USG
test-779.png,FFT7YR
test-1986.png,9ZDT8A
test-837.png,ZXECA7
test-53.png,Y44GZ6
test-2089.png,88MQBT
test-694.png,EFDC33
test-1759.png,R9GTMK
test-449.png,93EPHB
test-3940.png,TCV2A4
test-1430.png,WRGA5H
test-592.png,8RWDMY
test-4090.png,JFRY2J
test-352.png,6TDDVP
test-1580.png,ZRXR98
test-4364.png,7PNEAG
test-4661.png,54RDZ8
test-296.png,S82GAD
test-1637.png,NT756U
test-2584.png,XWR78N
test-1916.png,EUZK2S
test-1207.png,DNESCF
test-4901.png,64VM7D
test-2190.png,MKW6U7
test-94.png,YNZ695
test-1659.png,KPD86M
test-4614.png,BC7SQ6
test-4039.png,W3ZAMU
test-2888.png,UXNZYH
test-3283.png,2FKKG6
test-3299.png,7NYQEZ
test-3901.png,8GJPPP
test-4788.png,WUF7VF
test-4481.png,X6S8CS
test-2896.png,6DZR2N
test-537.png,RDQZ5S
test-3257.png,SHUDYG
test-1386.png,TMBF3U
test-195.png,5SUZ7R
test-4220.png,5A8SWB
test-3252.png,XDQ6PY
test-2440.png,82JQQ4
test-4853.png,UHA7HN
test-4120.png,37VCTC
test-2506.png,6QXX2H
test-2342.png,2RNEAJ
test-55.png,BWXP4Z
test-3131.png,VFMKPJ
test-4132.png,8WU2GE
test-1244.png,2SET6V
test-3468.png,NVFZX7
test-4519.png,XGQFWG
test-4484.png,PRYYFX
test-269.png,R76NCD
test-2719.png,RZVMQN
test-2441.png,498NUP
test-811.png,MNGF7T
test-473.png,QDDM8H
test-3034.png,WP5G3F
test-2470.png,QU7Z36
test-2520.png,8B3UET
test-2420.png,4JGGWD
test-2616.png,SQBKAT
test-2575.png,CWX7FB
test-2205.png,W38GZD
test-441.png,EW7HKE
test-2813.png,BKT4N7
test-2360.png,3U2RDU
test-715.png,PEBMNA
test-2125.png,KZS6M4
test-2154.png,KJXKQS
test-1725.png,934WJR
test-2843.png,VKBCGX
test-555.png,Y7WSMR
test-225.png,9CYXPA
test-1673.png,9JSGEK
test-2453.png,BB7P2M
test-2955.png,DR99G4
test-4801.png,XQC2YQ
test-254.png,B5J6W3
test-1290.png,EBXZQA
test-3908.png,WMN4SS
test-1052.png,UM6F9C
test-2339.png,JHRAVB
test-1087.png,TZMP3K
test-1249.png,B8KRZ3
test-4941.png,BFWNEC
test-2487.png,JUXB5X
test-1999.png,S5ARFP
test-4572.png,W4JC7Y
test-2773.png,UJF7UQ
test-2695.png,3YDFV9
test-393.png,B9ZY3P
test-2951.png,AD3ZGC
test-3700.png,DNK9J7
test-3028.png,GJQC9H
test-3728.png,D4YJ8G
test-3952.png,UHZJPF
test-40.png,9SBCR7
test-4899.png,35VZHU
test-3211.png,5SA8ZZ
test-3991.png,ZCYFNA
test-4898.png,WB3FCK
test-2713.png,2N2MTU
test-910.png,6F2MZA
test-3496.png,6KRPRJ
test-2687.png,43X8DZ
test-4993.png,HV82J3
test-4928.png,US5TYV
test-1849.png,CXEQSV
test-4504.png,V3933J
test-1609.png,Q6DW9E
test-3271.png,D69HZ7
test-4436.png,7T7KHZ
test-1273.png,RHH7N5
test-2991.png,DMV3KS
test-351.png,4HBTY8
test-3843.png,G8UBHJ
test-3976.png,8ECPNX
test-2301.png,NSDYPG
test-1772.png,ZXPHVC
test-3411.png,836ETC
test-4921.png,9E9A36
test-4672.png,FTWZFP
test-4849.png,KYXJ6T
test-3597.png,WGGEMQ
test-1555.png,DSRSMD
test-3070.png,995749
test-870.png,E7PNBK
test-2460.png,YKK2SY
test-1705.png,AK9H9A
test-3152.png,ZA6CXP
test-2532.png,SWMRYB
test-1433.png,5529JV
test-1291.png,RPFUU8
test-4887.png,RURK7E
test-2965.png,5W8CH9
test-4371.png,66S3XM
test-3596.png,3FMDAR
test-4527.png,VNWSY4
test-4949.png,96SHPU
test-4810.png,AURNGR
test-2757.png,7WER84
test-3566.png,QWEC8W
test-2708.png,8D756H
test-654.png,4MMNXW
test-1483.png,S7QWRS
test-1320.png,ACQ4K7
test-4462.png,W9AUCD
test-922.png,UKAWEX
test-425.png,PKP9TU
test-628.png,2ZKBHG
test-109.png,MX37WF
test-739.png,T7HJJ9
test-3832.png,4V4BVK
test-3529.png,G76MWU
test-178.png,GT67BD
test-202.png,329Z64
test-2972.png,36SC9Z
test-1384.png,7DDDQC
test-2652.png,9MBKJ7
test-3316.png,H5PPQ6
test-1379.png,ECXX8F
test-4808.png,6HRGT6
test-3390.png,EFSGPS
test-4326.png,SYDF76
test-2362.png,T5MC2K
test-800.png,C4WA88
test-2096.png,H5B7SW
test-2143.png,VU8EQH
test-3373.png,N7QDX4
test-2222.png,8T5N8Y
test-2371.png,M78UVC
test-3620.png,F7MBKE
test-3054.png,HFUJMF
test-765.png,RGRTDC
test-3819.png,M5PKWT
test-3184.png,SVE59W
test-4553.png,EPENW8
test-3258.png,XMTY8M
test-1649.png,ZC7W7A
test-2670.png,W9XJWF
test-3872.png,AV22N5
test-2811.png,MGJUA8
test-142.png,3JW7GZ
test-827.png,JZEJQS
test-4068.png,EGKNTH
test-4501.png,DAAJNE
test-1082.png,BMNNBE
test-2140.png,T2AG8M
test-1288.png,T8RNEQ
test-3549.png,WHU49X
test-3637.png,H844PP
test-3421.png,USH68Y
test-2731.png,W8UDUB
test-4103.png,ZJV4R5
test-3635.png,ZQPB7C
test-3548.png,DY4VYG
test-957.png,BM9E5G
test-1254.png,67KEZK
test-1315.png,8987UM
test-1964.png,8D2MDC
test-1229.png,JXYX2R
test-2518.png,PXX554
test-2931.png,86EJM9
test-966.png,SWUJQK
test-4134.png,FAJD3X
test-3656.png,2FE9T8
test-492.png,F4WH3B
test-973.png,XQRS3Q
test-4191.png,QUUZ5M
test-3278.png,FTTZ39
test-939.png,KCVU8E
test-4781.png,B2KUX7
test-2921.png,25C227
test-3977.png,DKHQCK
test-1947.png,KR79W7
test-924.png,GA5EZS
test-4399.png,TACE95
test-1754.png,6NTP3B
test-1343.png,5VAVWP
test-3300.png,ARRCNK
test-988.png,HMKGTQ
test-3505.png,F8ZW4N
test-1265.png,TWCUY2
test-1631.png,E36R7S
test-4421.png,7VD5CD
test-3987.png,F4P8PZ
test-2400.png,84AGT2
test-2615.png,KS6A3W
test-1700.png,6R4NEP
test-4539.png,TVXEHH
test-2067.png,5B5BJF
test-4189.png,WKKSAN
test-918.png,YX85GR
test-3313.png,ZNG58J
test-3522.png,ZYBCCV
test-4660.png,RAEGP2
test-171.png,9TNYJ8
test-3178.png,4WD6SA
test-2073.png,NYPXP8
test-1500.png,NHT3FP
test-2696.png,JMTQ6Y
test-1414.png,2YH5FP
test-3404.png,9FBFCS
test-3364.png,XUCGPA
test-678.png,H89MBP
test-4958.png,KAC7NQ
test-2025.png,QWJMAJ
test-1687.png,JVNQYP
test-2960.png,3UHQA6
test-4423.png,KFMVRW
test-3855.png,2VSQTD
test-1124.png,ZV3WJ4
test-1058.png,RF989G
test-39.png,JGU57V
test-3337.png,QDYQXZ
test-2549.png,YNE9FU
test-1875.png,TRBQUU
test-1516.png,PNFAXY
test-590.png,4QSDDF
test-2424.png,R43JWU
test-2179.png,U6FT3R
test-2803.png,WTM78J
test-4233.png,V5HHVH
test-2361.png,EEJVW
test-3757.png,MXEBP5
test-2537.png,SMD2DA
test-958.png,CQ4TWS
test-1524.png,BBR4QF
test-1264.png,9Z5NUN
test-2588.png,JET9ZU
test-2818.png,K8UXZM
test-4028.png,RFTDN9
test-3451.png,AKP24R
test-2139.png,8XJF4Q
test-2350.png,UDPX7Q
test-61.png,6AXCAH
test-4168.png,5J8M8K
test-3450.png,ZX4APC
test-499.png,DWT6NJ
test-2766.png,4MGX4R
test-3885.png,FNSKWE
test-4554.png,VD9MQ9
test-1066.png,YHJDET
test-1370.png,SN8HBV
test-3875.png,MCPVVE
test-2895.png,RM6XEZ
test-3888.png,2QKJBR
test-3762.png,K6KJ4C
test-3378.png,6XVJAX
test-4576.png,GVAC9G
test-293.png,YKN6G2
test-97.png,P5RY8A
test-1277.png,9F5K3K
test-3824.png,E3J9QP
test-1102.png,NT7Y28
test-1437.png,T2QH9M
test-1796.png,2JASJK
test-869.png,SR95GN
test-3307.png,Z74WEQ
test-2049.png,SYQ2CR
test-1617.png,3F5TWS
test-4184.png,C4YZCW
test-1579.png,PTG5TU
test-4485.png,HB929D
test-2612.png,S6CQK3
test-3878.png,V7WPXV
test-4652.png,Z675AR
test-1837.png,8B3AG9
test-262.png,W3ZQEP
test-4747.png,GKC7P9
test-3194.png,HHSFU6
test-3958.png,CBVTR
test-1253.png,AWAJU7
test-475.png,MF47F4
test-4676.png,HY8EW4
test-4651.png,JHNEZS
test-784.png,62JY7D
test-4026.png,J3NEPQ
test-4069.png,W5SC2S
test-2336.png,AFS7DX
test-1374.png,FY2NEC
test-4464.png,9SGG5H
test-812.png,RX9MAQ
test-856.png,86VM5M
test-2094.png,5432WU
test-2765.png,7V2JP8
test-559.png,2SUYX7
test-2523.png,CVPVDT
test-4915.png,3FRGKA
test-4570.png,AKPSRS
test-1172.png,7GDWHU
test-4611.png,QBU83G
test-4447.png,NCYG8Z
test-3631.png,AENV6E
test-3067.png,42XSBP
test-798.png,R5S5FG
test-160.png,4MV6BX
test-4835.png,QN4XV8
test-3766.png,GRBMVD
test-690.png,4XS8AZ
test-1143.png,3WV75D
test-3738.png,DFFX5C
test-3841.png,XRJCVP
test-2940.png,6FUE7N
test-3136.png,FRKVNB
test-2004.png,727SHN
test-4417.png,D4DG6H
test-3717.png,BFVDME
test-4726.png,SG64N7
test-1194.png,VNCJQG
test-1607.png,RS7T5
test-1431.png,5RCFR6
test-3480.png,GYQGZ3
test-3207.png,RR3KUE
test-1532.png,KRG4PF
test-54.png,J8BR29
test-843.png,BYJBCB
test-1112.png,8W44TZ
test-3907.png,8HN33M
test-1905.png,RM7Y7K
test-4234.png,DHXTWH
test-2833.png,BYQKG9
test-197.png,78PTY8
test-1960.png,M3D8ED
test-4348.png,KBJXGF
test-317.png,DEGE88
test-3966.png,TG5VJK
test-2836.png,TUMUXJ
test-4955.png,XD7ARV
test-2385.png,PGAV6W
test-1803.png,3RUYQ7
test-2372.png,TEUFCZ
test-2595.png,TUTYMQ
test-892.png,VUURQC
test-4659.png,QC428F
test-1491.png,FRYU2P
test-4698.png,HGDPR5
test-4503.png,XHFX2B
test-3574.png,NP2H9M
test-3536.png,2TCPYR
test-1760.png,XGXTVG
test-144.png,MFRDEZ
test-2345.png,TKBF8T
test-3439.png,W7SY78
test-2146.png,Z5ZZ6P
test-1971.png,CBQPZ8
test-1061.png,VSCNPB
test-2144.png,SEE9UC
test-1192.png,9U2CH3
test-260.png,E9PZEJ
test-2133.png,876MAV
test-201.png,KXSCXF
test-1026.png,HF7ZVT
test-3405.png,T47CQ5
test-330.png,XKXH44
test-4411.png,GBU68A
test-252.png,W6P25U
test-872.png,6SKXYE
test-3498.png,PAG933
test-158.png,C8FEPC
test-1929.png,33ZUHN
test-2208.png,3DCHWD
test-3661.png,WDAH74
test-4831.png,8GUUJP
test-2171.png,76E86Z
test-2594.png,283BZB
test-1027.png,V8NQJK
test-4607.png,EQ2BAF
test-3924.png,YEX2KZ
test-1049.png,VHTTNR
test-2867.png,QYNQCT
test-1854.png,4KC8QA
test-2318.png,KBDWPH
test-916.png,CKZVZN
test-3919.png,VQ87C2
test-2274.png,Y8YVYF
test-3354.png,DNT68H
test-1329.png,PPKDCA
test-3296.png,JUTDFX
test-4102.png,9CNHHX
test-3787.png,PMU2MJ
test-4359.png,FNJF56
test-4537.png,SDYBGN
test-2255.png,UAD4D6
test-1174.png,DX83FP
test-1444.png,PA6S9J
test-2461.png,AJA25X
test-4546.png,UFABYT
test-4865.png,8KYDWE
test-1031.png,ZKYFFD
test-3259.png,RYXK2T
test-3080.png,AY44C8
test-3406.png,RXNXEF
test-4855.png,WUKSTB
test-3187.png,4PCBRA
test-948.png,WR5BCD
test-1744.png,YFQU3Q
test-923.png,5TMB74
test-3770.png,D7AS5A
test-3017.png,BJZYMC
test-881.png,4BE3XH
test-2601.png,H5Z7JP
test-3233.png,36YQPM
test-2029.png,SV83RB
test-996.png,6CDQSR
test-4052.png,J9GF6C
test-3915.png,U2AXGW
test-4060.png,UFWA2K
test-3517.png,PH9CRN
test-312.png,ZJ4NTG
test-1109.png,ZVQQ5D
test-2011.png,5ER5QG
test-4240.png,B5NY64
test-4911.png,UAY4ZA
test-1644.png,G2SS2W
test-615.png,A7VK5D
test-1222.png,MSZ4AN
test-964.png,G3QX4Y
test-3366.png,TWJ2SH
test-257.png,Z6DE3A
test-1604.png,Y5VB2F
test-4321.png,4AQ95P
test-1702.png,C6GHMV
test-3835.png,WU9MR9
test-1081.png,AMJ3TQ
test-448.png,AY4YSZ
test-159.png,KW79XY
test-239.png,DMQRZB
test-3060.png,H77U5K
test-4629.png,8CMYM7
test-4792.png,ZRAN6Z
test-1669.png,GEYE3Z
test-3409.png,EG8MYT
test-378.png,9MQ75W
test-4116.png,3K8UTX
test-647.png,UMP78F
test-3492.png,5KYJEJ
test-746.png,EQ4ATY
test-3298.png,YHJJAT
test-4442.png,QJMHNW
test-4850.png,MDVNVG
test-1236.png,7CJA6T
test-1189.png,2Q83W9
test-4881.png,V48VQ5
test-2872.png,4XQ4US
test-1427.png,3K38JS
test-864.png,2M8VXN
test-2435.png,HZSW6M
test-544.png,HN5S7R
test-4710.png,ZFNGVK
test-2000.png,BGYGGP
test-3587.png,QXGCCV
test-516.png,7W3TA2
test-4035.png,WC5VAH
test-3353.png,G6UCGG
test-3790.png,Z66ZCS
test-1886.png,DB2NRK
test-2794.png,RFHAAZ
test-839.png,3MRYWJ
test-4535.png,N9YBU6
test-734.png,UVF4RW
test-539.png,AAF7PD
test-1487.png,ZV2HG4
test-1115.png,8ZA4XQ
test-4339.png,SQZ7EM
test-2062.png,44EQ8H
test-3319.png,2RG99A
test-4733.png,HC9KWA
test-4057.png,CKTYH7
test-2793.png,SKWDGM
test-1439.png,N6EJSD
test-71.png,SKYKEH
test-1510.png,TE27B3
test-196.png,QEA655
test-103.png,DUPHYM
test-161.png,BRS6UR
test-3860.png,4QGUCE
test-658.png,4XHFTR
test-26.png,DVPFRJ
test-4989.png,R5EVY3
test-1071.png,T5ZYCE
test-1477.png,7XUYGV
test-4092.png,CNCBU3
test-2020.png,KVDSHH
test-4713.png,5J5XYW
test-4992.png,PYRVN9
test-2570.png,F4WCW7
test-1599.png,BNV4S4
test-2609.png,Y5NNTA
test-4759.png,6CKVZ7
test-3221.png,P3RA23
test-2665.png,Y59K6Q
test-2973.png,QJCR6Q
test-1632.png,PT6K9W
test-4426.png,4YMH4J
test-1777.png,9BPR3C
test-1012.png,4XGTBK
test-332.png,F7KP3B
test-4186.png,UQMJ9D
test-1654.png,W4CXQG
test-2188.png,SHPCC3
test-963.png,6KAYSB
test-1512.png,QH7APQ
test-4498.png,4YX7QE
test-657.png,ZFXYG4
test-4056.png,NG2WDK
test-2847.png,SAG3DM
test-3917.png,B8WCW6
test-2664.png,X7DAE4
test-2667.png,MZ38J8
test-702.png,ZESENQ
test-4011.png,8QPWJ3
test-3447.png,WBCN5Z
test-2634.png,YFKQC6
test-4896.png,T8WR67
test-2103.png,46GTK4
test-411.png,67BUJ3
test-4780.png,YCSAGY
test-1339.png,X3DY3B
test-2744.png,9A9PUH
test-2804.png,5GUR2Z
test-2043.png,3SP6P9
test-3170.png,RANUEK
test-4224.png,B62E5F
test-3360.png,3J4MFM
test-1009.png,WNDUV3
test-4043.png,NGV326
test-2211.png,SNP72F
test-214.png,QN6988
test-396.png,66A267
test-3183.png,PKAVY3
test-4250.png,F98JBK
test-2516.png,JF8FJ6
test-3989.png,XUKMKM
test-4438.png,C4V56R
test-2540.png,AEBEM7
test-3489.png,8ZM6FJ
test-286.png,QSVNW2
test-2168.png,YTM39Q
test-4427.png,TZ2QCV
test-770.png,Z5TERD
test-1672.png,BAR7FD
test-2898.png,NJJVZR
test-887.png,ESUSZF
test-1885.png,S3QZAD
test-1088.png,G7PHB7
test-4639.png,SM4UUW
test-47.png,ZYAG5Q
test-2195.png,87SN7B
test-157.png,G9JFNZ
test-4655.png,MEQT6R
test-2735.png,2BNJQ6
test-364.png,VBMUVE
test-4907.png,5HR33Y
test-4632.png,4VCTFT
test-2116.png,A5BC9V
test-1716.png,8SPCZV
test-2648.png,2BXU79
test-4049.png,5BVFEX
test-4762.png,GSRNDS
test-4909.png,Y6KEA6
test-394.png,XBEBEF
test-2726.png,S2TNX2
test-4111.png,8PFF4G
test-1199.png,8Q22BH
test-1963.png,RVP2AF
test-2684.png,M8FY8N
test-3490.png,V8PGV8
test-3059.png,N8CA3F
test-3886.png,CXSGFA
test-1767.png,4KMZF4
test-2354.png,3NGGQT
test-4658.png,56HKKE
test-2058.png,EHWM8A
test-793.png,RQC5K3
test-4242.png,RRJCCM
test-4396.png,J8M4D5
test-2930.png,TXWEU7
test-2799.png,YJ63US
test-1232.png,T6BJ95
test-3743.png,9GNTRC
test-4981.png,Z22A2B
test-2986.png,45E9CN
test-4431.png,3B6BWM
test-164.png,3R7X7H
test-2083.png,YKBDHG
test-3038.png,F27887
test-1126.png,PAQWET
test-4059.png,DWQXEG
test-123.png,AC2VK7
test-2655.png,EKFUEP
test-2507.png,WMK2H4
test-4219.png,XWHR6Y
test-1548.png,P3F9D8
test-2755.png,F84UEK
test-3052.png,XZPDE2
test-106.png,AV8XMN
test-2165.png,AEYY7N
test-830.png,S4H9RJ
test-274.png,PZKC5W
test-463.png,F3P5SS
test-3893.png,SR25D6
test-2599.png,38AR42
test-3629.png,W5CGUP
test-100.png,75Z4WT
test-177.png,2C2YRF
test-576.png,33BRCS
test-3105.png,ZCG9BR
test-2295.png,XWPD5S
test-1559.png,QDS6F3
test-825.png,4772R7
test-1909.png,MPDTBU
test-4055.png,AEZ5Z6
test-2585.png,74HR5P
test-4274.png,6PFFAR
test-375.png,ZWBBMB
test-2859.png,CRBW5F
test-3020.png,233XWN
test-4213.png,H6NGGV
test-3044.png,CNYXJ9
test-836.png,FJQPTP
test-2266.png,FE348E
test-1791.png,TQ6V77
test-4923.png,4JW87Q
test-1492.png,C74Q2G
test-4482.png,RUE4MA
test-2776.png,X7RX7C
test-2010.png,774HTN
test-1120.png,PPC9YE
test-3696.png,CT8HWZ
test-1312.png,KJ5CYP
test-4009.png,MZXQGP
test-1546.png,EKBEMQ
test-3624.png,29MECR
test-1690.png,VJZQVN
test-4024.png,9326G2
test-3874.png,JKG62H
test-986.png,8CPCPD
test-946.png,UHZTE4
test-3518.png,RPAFZN
test-776.png,CSQSVP
test-4705.png,FJT5XZ
test-4142.png,VYSYS8
test-319.png,UGP2FK
test-3633.png,3MMXPT
test-3103.png,WQ9B9R
test-3789.png,9NP74C
test-1841.png,PKR6EF
test-4564.png,MC97ZU
test-1612.png,BMNSEJ
test-4522.png,MXWNFA
test-3250.png,TATDJ7
test-4499.png,73TQQW
test-659.png,TDAMKD
test-4669.png,Z4VDBH
test-4620.png,V6KKTJ
test-4030.png,A5Q5FD
test-4930.png,6MEHY9
test-4338.png,KYQQ79
test-868.png,3YEJA8
test-3412.png,9TMP58
test-2499.png,P67VSY
test-4768.png,MFZ2RJ
test-4642.png,GQM6CW
test-2449.png,MJWRJX
test-2126.png,87KSGN
test-565.png,8B7T6F
test-2606.png,6SZ2NN
test-1648.png,UTRHP3
test-1497.png,94JZ9N
test-3622.png,FPGYZS
test-821.png,HYB7CW
test-1568.png,28MDHA
test-2644.png,HWDKMW
test-3073.png,GQS87E
test-3551.png,YJ6HFC
test-2384.png,M8GFJT
test-3442.png,RDHVYA
test-3295.png,CUNE26
test-630.png,VPK64R
test-1141.png,SBMWS2
test-4453.png,5T3B8J
test-3487.png,2PMR43
test-3090.png,EV6DJG
test-595.png,H7SQ36
test-852.png,CD4GE3
test-2625.png,SM46BM
test-1190.png,TFDYQC
test-270.png,9Y6KX4
test-4974.png,GYD9H2
test-4448.png,D9BEB9
test-4151.png,S5RPEQ
test-1094.png,3E6X5
test-3640.png,MF9DX2
test-3025.png,7BTTT6
test-2236.png,6P46NZ
test-4346.png,FQYE3U
test-1832.png,Z2KR8G
test-1627.png,K7U57N
test-4624.png,4G72AB
test-1957.png,T468DS
test-1428.png,QSZY5Z
test-669.png,GSPXWK
test-3946.png,D4SVZQ
test-4122.png,3BBZ6Y
test-1802.png,4KS3ZC
test-1209.png,ZVNRN6
test-4748.png,DD4KTD
test-3571.png,3CFEVM
test-2479.png,FU4VCZ
test-2184.png,7UGNN6
test-3396.png,DUE7RV
test-339.png,SKRMQX
test-2762.png,WEESR3
test-651.png,4A2QR5
test-3117.png,EFCWTH
test-243.png,JBZNAQ
test-1298.png,RE9BYA
test-4973.png,8Q37GM
test-3112.png,SWA8T7
test-315.png,C65R6K
test-2151.png,PYFZB6
test-3870.png,HTN4HW
test-545.png,QSZB27
test-4395.png,TMXMM5
test-1519.png,48SNSN
test-1000.png,QAKZ7V
test-550.png,WMDQEE
test-4392.png,HQF5C4
test-1214.png,U2YXRE
test-3082.png,24N8AW
test-3471.png,QYB29Z
test-2851.png,EVH47S
test-3253.png,9YXNZ6
test-2451.png,G5V5E9
test-3673.png,EX45AB
test-614.png,XUNYZM
test-740.png,ZQF59R
test-1371.png,K3VKBW
test-485.png,KE3TVD
test-1176.png,E3NK4U
test-541.png,ARXBJN
test-2581.png,MQ6BMH
test-1628.png,W8A3AV
test-4352.png,529YUJ
test-2937.png,WEC8CP
test-2045.png,5HH3N4
test-3600.png,RDW4BF
test-4531.png,A98W9H
test-2066.png,QDA3R6
test-3062.png,RKSQ5W
test-1466.png,YHQH5G
test-968.png,2VYRRY
test-2172.png,EJUHU6
test-2166.png,EB49T3
test-2568.png,R97233
test-4335.png,ZE6ASR
test-3217.png,9SBJUA
test-1616.png,S46XMQ
test-1952.png,SZ3HVS
test-2874.png,UUZJ6A
test-3196.png,F32KXD
test-1666.png,XNKCU3
test-361.png,NU79SE
test-676.png,QV2FZN
test-3848.png,58MHD4
test-4243.png,CCFYS
test-2863.png,WBBTYP
test-486.png,2J6XZZ
test-4350.png,248KGC
test-348.png,KXY6HD
test-1565.png,85EN4Z
test-4681.png,A8GHDT
test-4073.png,2T523D
test-1287.png,MHYWZX
test-3129.png,8VTWEB
test-4712.png,KF96VA
test-3704.png,CG22K2
test-3563.png,A897K7
test-554.png,6A6J7G
test-1173.png,2A8KGH
test-1144.png,SXP8WZ
test-4931.png,MED54E
test-732.png,6YAQ6T
test-2949.png,48GM59
test-1300.png,9RERQ6
test-402.png,BFNPB3
test-3280.png,CN4P38
test-4578.png,H7WAHF
test-991.png,62PNRJ
test-4536.png,Y8QYJZ
test-4954.png,XY53WS
test-1806.png,8XPCQ9
test-605.png,U6U7BW
test-4630.png,7PKDRG
test-3626.png,AYGJWE
test-459.png,9FW8UF
test-3047.png,MRTQP6
test-1525.png,5BS84M
test-4033.png,ZZA3QT
test-2688.png,PJ77YU
test-4329.png,HX8NYM
test-343.png,6QC8FU
test-2691.png,KH9B9Y
test-4847.png,6NCECR
test-3569.png,A8VDFQ
test-3225.png,4N9DMU
test-4717.png,5FU2GM
test-552.png,QPT9DV
test-2703.png,H3JC76
test-818.png,EBV5M6
test-3970.png,75Z5DQ
test-4718.png,T2DMJW
test-3216.png,PCENWX
test-408.png,6ESKKS
test-3222.png,VK27EA
test-1417.png,93HJKB
test-3861.png,HY4TS6
test-2603.png,JB7VB2
test-4472.png,GUFZEJ
test-1409.png,FVUA9G
test-1663.png,Q3YDMN
test-509.png,86H6HJ
test-4597.png,FKGTZM
test-1205.png,YHGYBA
test-2683.png,BT4AZG
test-2280.png,6ZA9K2
test-3578.png,PGJMKN
test-1865.png,T5JGJS
test-1793.png,JRA2RC
test-3066.png,H7AXBF
test-748.png,9JZDGU
test-758.png,63NVHN
test-2356.png,9THFMV
test-4263.png,CQBWPY
test-2383.png,NE3CVH
test-92.png,FAGP8Y
test-4051.png,ZKREFP
test-4496.png,Z5P9MC
test-3275.png,5CJN4B
test-1540.png,H86H2H
test-4982.png,WXHB42
test-4437.png,BXUPUE
test-3802.png,4RZMQJ
test-3488.png,A7R7F5
test-2784.png,M977J4
test-3793.png,UC5SXB
test-376.png,3MU52P
test-1178.png,4KWMUQ
test-1834.png,BC3DDS
test-307.png,W59DSW
test-3883.png,F46F64
test-1475.png,BNUAUW
test-3791.png,DYRDMY
test-1990.png,Q68PHG
test-4648.png,P8NAHF
test-331.png,4F6VZS
test-0.png,QVTQ8A
test-653.png,Y9ANFK
test-3098.png,9W48W5
test-2759.png,KYDJVK
test-156.png,4VEVNN
test-78.png,92VK93
test-4956.png,X9DSSJ
test-584.png,3KNNUE
test-1994.png,BN3B6X
test-3229.png,XZH3QP
test-2243.png,V8Z88Y
test-3417.png,82VB82
test-4919.png,5GHBPV
test-4646.png,TCQM29
test-3520.png,24NRGN
test-1303.png,WVFBC3
test-713.png,VCR5QN
test-2156.png,S7CJQZ
test-2662.png,H3EVKJ
test-2945.png,5CRB6Q
test-4170.png,URN8NA
test-1769.png,49RJSY
test-4159.png,KWR57N
test-664.png,GXQVPQ
test-1468.png,PHCXJ7
test-493.png,VQF3AY
test-4817.png,XJKYV5
test-1054.png,NAAUXW
test-3557.png,SFZ4Y2
test-1230.png,EWXYSB
test-4029.png,TP34MV
test-4784.png,FF72XG
test-3343.png,R7JDKN
test-2340.png,NX6SQX
test-4888.png,CZCNYS
test-4288.png,3QCG45
test-3191.png,6XGMGV
test-2465.png,C3QQNC
test-2374.png,A2MAMQ
test-183.png,M3MUM2
test-4714.png,7YSD7N
test-3400.png,3QHEKZ
test-3247.png,9WU6YV
test-1995.png,AB6ZF2
test-1603.png,7HFJ45
test-4182.png,FBD56V
test-261.png,RNXRE4
test-3165.png,T78MP9
test-3444.png,QE7MHN
test-3394.png,3K95KQ
test-1359.png,HDYK9X
test-2810.png,TJ6V26
test-2249.png,84GB5F
test-4107.png,ANJCZC
test-405.png,ZFYZVY
test-4678.png,2UAAPC
test-1902.png,GSAH75
test-2048.png,93XR8A
test-2482.png,PWZ4RV
test-3707.png,KZVRTJ
test-983.png,E9BEJ5
test-1720.png,8BSGMN
test-124.png,9UHCE2
test-1718.png,Z54V6A
test-2710.png,HQAVET
test-311.png,G9S2BX
test-2401.png,TPFFSP
test-85.png,284822
test-2598.png,NZHNFG
test-4702.png,TZKE9M
test-148.png,YRGQ5N
test-4489.png,NS9BGA
test-3238.png,S6WN8C
test-135.png,K8CPYJ
test-4260.png,BQ3JP3
test-1544.png,MN5KG5
test-2535.png,K6656F
test-4815.png,D6XWAJ
test-2381.png,3CQ6DU
test-2834.png,2DZTTN
test-1842.png,KCEYME
test-3172.png,W77Z8D
test-434.png,F755RW
test-1252.png,PXM5P7
test-4799.png,QD3RCT
test-1552.png,J3CT6E
test-1362.png,BE4PAQ
test-4207.png,FSJC43
test-4883.png,9BBG4C
test-4513.png,CA8FAU
test-4289.png,AJWF6K
test-2842.png,3H2DHS
test-3931.png,PP4MKH
test-976.png,QFJH3W
test-1355.png,SM9EBK
test-1807.png,W6VHQQ
test-1358.png,5TVWPH
test-4476.png,A9974C
test-2259.png,Z3UMPC
test-3667.png,9DB6V7
test-3006.png,5HYAAP
test-2786.png,42WFUX
test-700.png,HP6KYE
test-631.png,R78TKG
test-598.png,7JP9AH
test-1243.png,QFX9QZ
test-429.png,DA8UN4
test-2877.png,CZ2KJQ
test-4983.png,HD6QFX
test-4656.png,EZJQYB
test-3951.png,K67W5K
test-3209.png,8A7957
test-2402.png,D2547X
test-1275.png,SR6S22
test-603.png,JNA52U
test-4583.png,3ESRBW
test-1148.png,TGV584
test-116.png,7TAJ23
test-949.png,KTNC5C
test-4757.png,F6YX8M
test-1708.png,98QK3C
test-192.png,RC2U53
test-3009.png,TFJ5YD
test-2346.png,K46M8K
test-3301.png,596RR9
test-2675.png,UFQ789
test-632.png,G3UCEZ
test-1943.png,ZRDBB4
test-1022.png,TQZHHY
test-412.png,EFCS73
test-4902.png,5KQT98
test-2459.png,GDVH8D
test-1969.png,62J772
test-4406.png,Q6CY2U
test-31.png,8QQKZR
test-1816.png,C4D8YM
test-3026.png,4V54PA
test-4965.png,6J3WPU
test-3176.png,BKSUX6
test-2824.png,EV7MER
test-886.png,F8UNK7
test-3984.png,AJE96U
test-4286.png,FND23K
test-1159.png,P6MCP5
test-2677.png,G5BUB5
test-2583.png,MMEGMW
test-21.png,4YE2JR
test-2219.png,FKVWF3
test-445.png,HEHUHK
test-423.png,9UY7DT
test-314.png,QDAVUA
test-87.png,235R9V
test-1930.png,9FHD42
test-2633.png,VKVQ5G
test-2095.png,APWYB6
test-1938.png,YZCFQA
test-1862.png,VM2B92
test-3205.png,MXKX37
test-3410.png,9XR73F
test-1446.png,VHURU8
test-392.png,PMEY5C
test-804.png,UBTFSK
test-1835.png,BDCCHV
test-3137.png,NE3ZWA
test-1557.png,FD8MUK
test-49.png,Y4H6PS
test-1279.png,V5NXDU
test-4839.png,K9RP8W
test-1974.png,BUC6HF
test-28.png,94U37N
test-4082.png,UNMF7Y
test-1848.png,JVWJQH
test-3244.png,QMVSUV
test-3315.png,YNMA7A
test-566.png,TZTD5K
test-1389.png,ACS9PF
test-2005.png,Z6X3NK
test-1858.png,MENDY5
test-460.png,56ST3T
test-2977.png,CNE2XH
test-2958.png,E75SHK
test-1639.png,JFYJB6
test-4305.png,C226JM
test-4778.png,6GTR2Z
test-1587.png,RMKY68
test-2699.png,U2YN6A
test-4908.png,5AHVW4
test-1132.png,MTMKN8
test-281.png,BKQ6ED
test-2961.png,YYKFB2
test-3654.png,EUBWZP
test-136.png,NEWDN4
test-1853.png,YYK7MG
test-294.png,HPGY3S
test-4528.png,ZJSS4A
test-2002.png,E9UT47
test-4401.png,YUCHP4
test-3085.png,R4BYRX
test-1424.png,8D2XMN
test-2163.png,VVWJWF
test-3910.png,GXTRSV
test-2679.png,JEMT6M
test-3887.png,QKUJEJ
test-655.png,A6X7JG
test-2233.png,SXEWAW
test-4918.png,6696FU
test-503.png,YNVPRT
test-3858.png,5AMM7Q
test-2673.png,SF5XUK
test-3106.png,R94P6Q
test-3734.png,DMA87Y
test-2571.png,6WT3VZ
test-4637.png,EUSNYB
test-1619.png,2EYHB6
test-1991.png,MWBATS
test-465.png,NBG7D4
test-667.png,3J4GRE
test-3697.png,E36UGZ
test-4622.png,NS3MP9
test-1783.png,HXGY68
test-2027.png,6N3CHR
test-3069.png,FSCCNK
test-3111.png,ZYXH98
test-4152.png,KYVR7B
test-938.png,J54V8K
test-70.png,4Y7YWH
test-2256.png,DFSSNW
test-4457.png,4WPHY6
test-1598.png,975KS5
test-3248.png,2Z3EAJ
test-3567.png,PRRXVV
test-3632.png,CMNBXA
test-3055.png,ZD9MPQ
test-3328.png,RY53FY
test-1883.png,KSWU92
test-2641.png,ZJWXJV
test-1091.png,DDC5PV
test-401.png,SDX59J
test-1397.png,FXZCBK
test-4336.png,8EKVF4
test-543.png,DNU95M
test-703.png,4SRQFC
test-1784.png,DGMA3H
test-4215.png,74FHA5
test-4162.png,ATX7V7
test-46.png,CRQJAM
test-1795.png,R75SHA
test-895.png,UYNQ75
test-1653.png,MHJYND
test-304.png,Y2SNQ5
test-1390.png,VKFNW9
test-284.png,V7YYBY
test-365.png,4MGUCS
test-3681.png,KE42BJ
test-4141.png,XDUNXB
test-4730.png,MPKEDP
test-3636.png,DCVGMK
test-1104.png,KRVEF4
test-3941.png,38989N
test-4551.png,XZ23QS
test-4386.png,FUJFAK
test-2033.png,88APR5
test-705.png,9SZTBY
test-4862.png,Q6TJE9
test-2197.png,HHW3HD
test-3647.png,77Q96X
test-629.png,64JN4A
test-1812.png,8S7VMN
test-4741.png,HX4ZR2
test-2226.png,XAXTYA
test-2642.png,WCTMC8
test-3441.png,EUVBHB
test-368.png,EV79T2
test-133.png,J754FY
test-2311.png,AJSWRQ
test-1375.png,DCHVJN
test-1346.png,HUYES6
test-1636.png,MZ5C6R
test-69.png,8JU5ZR
test-3904.png,ZXJH33
test-2247.png,4ECYKC
test-1983.png,54FKZA
test-1257.png,XK7CBG
test-231.png,Q8CCBT
test-3836.png,9782M8
test-2261.png,B2VVQU
test-1169.png,3B8P97
test-3726.png,EUDWXE
test-2110.png,ZF298A
test-3669.png,Q346XK
test-1068.png,D6PG49
test-1778.png,2BS67P
test-4670.png,C7AGYD
test-4977.png,KJ7R3P
test-4668.png,AZ7DA2
test-4110.png,C2WV8M
test-3611.png,PUCC2F
test-4963.png,NAWKZ7
test-3162.png,YGVJZ8
test-4235.png,RRSNGG
test-2966.png,28GXEE
test-4094.png,URBCBH
test-2792.png,UVH77H
test-2746.png,X38WP4
test-2270.png,HSTEV4
test-3182.png,H5YHGC
test-4390.png,XDWYRD
test-3865.png,3SYXKN
test-3642.png,YDXK
test-2579.png,9EMN8H
test-2553.png,QK2KY3
test-35.png,WWHU8M
test-3291.png,J6MST6
test-908.png,GQTEQU
test-611.png,KXYW29
test-4755.png,QBQU39
test-170.png,QH4VYJ
test-458.png,R34KPC
test-1810.png,7XTWDN
test-1972.png,PHMCRA
test-807.png,BYRWVX
test-2366.png,Q5SEP9
test-2671.png,XRMWNY
test-3065.png,3TWJ2R
test-143.png,QWJEYU
test-2754.png,RVFY3P
test-1289.png,P4XQ7B
test-4586.png,FSF4DC
test-1840.png,559X5F
test-3680.png,VNSHJ7
test-3397.png,SVQ7QJ
test-4871.png,GE3U67
test-4327.png,UAFKDU
test-2769.png,PGAGDF
test-2944.png,F9KYC5
test-2866.png,4CK7RU
test-3290.png,TKGPX4
test-2191.png,Q8CW42
test-3115.png,7T5QK3
test-994.png,DZ3EQG
test-4217.png,5GU4HR
test-259.png,QCJHW2
test-4222.png,FQHBQG
test-500.png,SDVJVJ
test-209.png,S7TSUC
test-2409.png,3U3F8V
test-42.png,DJ64QJ
test-4483.png,4GVTX6
test-1884.png,6EW3FR
test-2734.png,6BYETG
test-3371.png,XSTBTH
test-3239.png,NASS97
test-3102.png,3QQ6P7
test-536.png,7SYPBZ
test-4875.png,Y7FEKW
test-2586.png,TBR5Q5
test-1166.png,ZFHP9R
test-3732.png,DSP76M
test-1465.png,5MTETZ
test-2297.png,AFBAFW
test-2515.png,YEC4UM
test-1216.png,ZQTJVZ
test-4749.png,B7W52K
test-597.png,M3ADN4
test-1004.png,F56TDZ
test-1281.png,KC575C
test-1962.png,YVA5R2
test-3124.png,E8PATV
test-3297.png,RX6R5A
test-1811.png,HBZX5S
test-1867.png,FEVH75
test-432.png,6WUZQT
test-2462.png,AP856H
test-199.png,S2TBYH
test-3859.png,HSHS8Y
test-2189.png,6U3N64
test-4779.png,ETJKFK
test-2788.png,T4BRM7
test-1529.png,6XBQVC
test-3483.png,47AF5Y
test-4917.png,PJEEDE
test-1435.png,YZWHYV
test-828.png,3NBBF2
test-4074.png,TZFMC7
test-3723.png,7HCUUD
test-3495.png,J2ANSP
test-3138.png,FTP98Y
test-997.png,SP3K27
test-1914.png,3K99E7
test-3478.png,FCCXQR
test-2153.png,MK97QT
test-3454.png,Z2YRZW
test-699.png,MV2RC7
test-73.png,QZ7AQM
test-1099.png,BEUN6J
test-1160.png,KGBG7Q
test-4027.png,FM6Q5E
test-3190.png,AQ9UN4
test-2825.png,4B7CEC
test-4172.png,3HQZQU
test-3950.png,E3P3VA
test-3735.png,E47PR6
test-4943.png,CV8MMX
test-2472.png,G4PCH6
test-1595.png,63GWU5
test-1923.png,DC76PP
test-419.png,G7AMTM
test-643.png,HZZ362
test-2941.png,WURE6F
test-4507.png,UYCZME
test-1514.png,KU9PT6
test-3955.png,ESR29D
test-474.png,6U8TV3
test-2514.png,XSJVBK
test-4419.png,ESV7BV
test-2443.png,2Q5A57
test-4832.png,YSBE75
test-3224.png,26CPNV
test-1336.png,R7KZVQ
test-2631.png,V5SFY3
test-4214.png,MHTGTP
test-4807.png,YHBSEV
test-1382.png,NB4MT6
test-407.png,TQ3TS
test-1032.png,UJKKRG
test-3544.png,N7KQNV
test-1042.png,R4HQ32
test-1694.png,66EA75
test-1761.png,HSPKKR
test-207.png,2GCV9E
test-3092.png,RQWXX8
test-969.png,DBW4CE
test-1429.png,722SDX
test-2560.png,ASNMHH
test-2561.png,Y6JAKX
test-2989.png,X96V4W
test-2305.png,ZUYJAS
test-381.png,MSFEGA
test-4306.png,6PR9SN
test-27.png,B9B5NF
test-3408.png,MBXRW7
test-3144.png,Q3UP4H
test-2238.png,ABG6HH
test-3716.png,T2EJEE
test-4825.png,ZP3G7T
test-3856.png,9C3K2D
test-1515.png,7Z4B5D
test-4584.png,C4AGZM
test-2876.png,MGHNJM
test-4445.png,WTJBQH
test-1168.png,9EEXWJ
test-896.png,82NS48
test-3401.png,QKZXHF
test-1463.png,PPT4PH
test-2716.png,9598SG
test-204.png,JKN4XA
test-472.png,88SNSF
test-3675.png,6YJFKX
test-4088.png,22NKGC
test-1335.png,H3BNYS
test-2416.png,47ZA7P
test-1344.png,PX69GS
test-2108.png,XK7WDC
test-3261.png,7TUEZS
test-880.png,Y2TWZN
test-119.png,KVVCM6
test-504.png,UKUNHW
test-2068.png,JJUGRY
test-4344.png,X83PFB
test-3344.png,ZCURSR
test-464.png,T8CRF6
test-4091.png,V4Z69T
test-4605.png,S82UVZ
test-4450.png,8C7PQE
test-139.png,4GU8A6
test-876.png,GR285D
test-586.png,GETTHR
test-1110.png,G7QXM6
test-1167.png,EE8M5G
test-2481.png,Q8DW33
test-3185.png,XZVVV8
test-4385.png,VY3U32
test-2214.png,4NE3X5
test-4004.png,3GXCZ8
test-4105.png,97EHZT
test-18.png,BPTGHT
test-3083.png,JK4RZU
test-1218.png,MT4CWH
test-453.png,62WTBP
test-2320.png,CEGM9J
test-3459.png,Q7TVPX
test-4251.png,6USPDC
test-4459.png,J3QGUX
test-2605.png,W8BHAA
test-410.png,A6TMTJ
test-3773.png,ZMXZFE
test-2707.png,TQB8CX
test-671.png,R6BUVD
test-4032.png,58BSPE
test-2758.png,K9E6GM
test-3949.png,FFS95G
test-3134.png,CJJ7BM
test-3580.png,RFHCS7
test-4636.png,FZYR36
test-4944.png,YPYBMX
test-4444.png,FJKRUR
test-1039.png,8ZR7WB
test-1451.png,B5ZFKK
test-1467.png,GEKBHD
test-494.png,4SA856
test-4585.png,4NPGX6
test-3822.png,H7HC6T
test-2229.png,64SHWC
test-1805.png,YN2DM7
test-4986.png,WZDB49
test-2551.png,VWV2TA
test-4432.png,EK7CGK
test-218.png,VE4UDR
test-1887.png,VKFRQR
test-371.png,HZ74V6
test-417.png,EZ395K
test-2072.png,TJZS65
test-2782.png,F2Z5V3
test-2473.png,KS36PT
test-3003.png,A3XEP5
test-400.png,6XCM62
test-4936.png,EK87DB
test-4005.png,9CF3EB
test-4561.png,76THCN
test-1766.png,PUX92E
test-4617.png,MEVWPX
test-20.png,P2T5VA
test-1699.png,QTHAMA
test-3713.png,7U3MVJ
test-4477.png,D7J5MW
test-322.png,TXVVVW
test-360.png,ESSWUZ
test-4248.png,PVA8BN
test-4876.png,7DCECB
test-3918.png,CDC5JD
test-2636.png,5HUN7R
test-4994.png,W4DF36
test-551.png,G9HMFX
test-1201.png,B3WF24
test-1263.png,GF3ENA
test-2756.png,AQHHEQ
test-796.png,RBUADV
test-3971.png,QBK49G
test-789.png,U6V68H
test-842.png,WKMK9S
test-2468.png,M9NS2K
test-1984.png,TMKYM4
test-273.png,7ZCDBX
test-17.png,SBPNTN
test-3978.png,5UH26Y
test-3274.png,XPTPB6
test-1750.png,QJX928
test-3108.png,R5F44E
test-3039.png,U8QSY5
test-4075.png,TS2H62
test-1180.png,6DBWC8
test-3980.png,TFAZAA
test-2950.png,C3JJSQ
test-1869.png,YJ3PRS
test-2685.png,F8JPUY
test-4125.png,KWBJXZ
test-1.png,7PSW9D
test-819.png,25H72C
test-4393.png,JGREED
test-413.png,CF2B2T
test-2338.png,M4NQU3
test-2660.png,3SXB3H
test-2988.png,Y4FUHK
test-553.png,Q8NC8Y
test-2855.png,4FNANP
test-3586.png,67T3QZ
test-1084.png,RZXWQ5
test-3140.png,ZBMZVN
test-3056.png,3XRQRZ
test-1993.png,YV8NYX
test-386.png,GDJ6GM
test-2117.png,38URRK
test-2432.png,44X4Y3
test-4978.png,W9DBFJ
test-4112.png,6R5Z5A
test-3900.png,8B8K3K
test-3531.png,MD22M4
test-1735.png,T5UVUS
test-2148.png,7K222E
test-4560.png,45JGHM
test-1506.png,KBP646
test-714.png,A4KVRX
test-1798.png,47BXQK
test-617.png,T9BMHA
test-4164.png,TQMU9M
test-1729.png,BQTR5Z
test-4834.png,KZJ3JV
test-377.png,9V8BX3
test-1889.png,S3WCJH
test-4890.png,RGEMM3
test-3426.png,A89W65
test-1419.png,2US5UK
test-4332.png,AGVVEV
test-3387.png,PVUWS9
test-3906.png,687K65
test-4381.png,2Q4PQX
test-1822.png,S6MNXK
test-1030.png,JN7BVF
test-4758.png,NSDWY5
test-1569.png,XQA9TA
test-2030.png,RJRX6T
test-510.png,GHN5KC
test-4767.png,ZBE873
test-2001.png,UDVXP3
test-289.png,TEBEKR
test-4062.png,9NDYBS
test-4541.png,4A598T
test-3263.png,ZVQ9SV
test-2408.png,7EB2FQ
test-3715.png,498JQH
test-2476.png,FVVNSW
test-3795.png,9J9H7F
test-1707.png,PC86QF
test-2078.png,W5CP7C
test-3604.png,J7Y8QF
test-415.png,6GEFCM
test-66.png,B36M7N
test-4314.png,N8H24R
test-4688.png,2RMYQ7
test-4310.png,QC2YSP
test-2521.png,BE8EBE
test-2111.png,D8PRK5
test-4473.png,HFKYF8
test-1364.png,Y4J8M8
test-1308.png,Y6HHSJ
test-601.png,ZHBTF9
test-3349.png,HS5ZFZ
test-4729.png,8MH6A7
test-2009.png,UTD78V
test-4259.png,RTKTN3
test-935.png,B9TU2Q
test-4775.png,V6XBEF
test-4650.png,KP653E
test-111.png,H546F8
test-3577.png,BPZU54
test-2946.png,UXDZVD
test-4086.png,F5CEW4
test-4208.png,7DW6UW
test-2448.png,DZK8MH
test-4160.png,A7CAYZ
test-4837.png,7BP85J
test-947.png,KYUU7R
test-3306.png,9CWJ9N
test-2774.png,JY44NT
test-3286.png,BVCSTZ
test-952.png,5E2V4U
test-1970.png,6WX3DB
test-303.png,NTZ75D
test-3413.png,MHXM74
test-2981.png,JATX6V
test-2868.png,SNKGNB
test-2136.png,62UDEF
test-4693.png,5NCQ5V
test-217.png,B34TER
test-1913.png,8KMYZF
test-2831.png,DJWUBA
test-610.png,PYE9GJ
test-3761.png,6Y5DQX
test-4414.png,HSRKJY
test-4061.png,A2VDJT
test-2717.png,4VV84W
test-711.png,88P8BU
test-1043.png,R64T25
test-2681.png,CKGR93
test-3986.png,BVUF3V
test-3927.png,NMAAKM
test-2525.png,X73W6W
test-4379.png,6YFUJN
test-3935.png,XNFJGA
test-3171.png,EPPY9X
test-2737.png,WQA9JS
test-665.png,TR89JQ
test-1895.png,C9YYMN
test-1522.png,6HCMMN
test-951.png,2X9X98
test-3242.png,S9JYYM
test-1228.png,FXAFQR
test-2974.png,VT63T4
test-1978.png,WYYTYJ
test-2909.png,RRH9MU
test-310.png,TPDBZU
test-3719.png,W3M8US
test-3427.png,8EDVKX
test-1870.png,NFZ7BX
test-2282.png,4582EN
test-2464.png,Y74YGA
test-3199.png,4BCJBT
test-2300.png,4CAHWB
test-2446.png,22Y9GV
test-357.png,HNG265
test-2292.png,R8EFA4
test-4293.png,6TDSUB
test-2147.png,V6HFKF
test-4474.png,34684C
test-1325.png,P44XHR
test-4543.png,MEBXRU
test-3714.png,ESKZ83
test-723.png,DK27ER
test-3024.png,277DGD
test-1975.png,JDFQ9P
test-4179.png,UX77PZ
test-2984.png,2W6FP4
test-1770.png,B2RURP
test-3687.png,4RD528
test-1722.png,S5EZTV
test-535.png,JTWMK7
test-4397.png,G3HFTX
test-2466.png,MFURYP
test-2526.png,W4JG8A
test-153.png,AE6QND
test-2832.png,MVG4Z2
test-4644.png,34SNZC
test-4113.png,NYEMRM
test-2692.png,FXG4NX
test-2036.png,UCANK2
test-3001.png,A9ZD92
test-287.png,EFBTNU
test-1526.png,XJQV66
test-609.png,7FTGQ9
test-1856.png,MQW92T
test-2795.png,SZ4KUG
test-2849.png,UTQPFX
test-3100.png,7NQ4E2
test-1845.png,8543A8
test-2510.png,YF4XJB
test-3619.png,MR8MHU
test-4942.png,5HKJTV
test-3453.png,5YRSK3
test-3573.png,NT4ZWU
test-865.png,GWFKX7
test-2252.png,D7PKXV
test-2555.png,DNZA48
test-2347.png,653HXB
test-2008.png,TP9QA6
test-2597.png,MQ4Q88
test-1008.png,WZA4BS
test-2527.png,999JMD
test-1638.png,S5CYRZ
test-1237.png,Z3BAJC
test-2534.png,WY7JCK
test-1657.png,W3DW7H
test-2500.png,SNM3GX
test-14.png,WYKX9E
test-2332.png,U9TH4K
test-3000.png,A9UQ8N
test-683.png,2HWNXZ
test-4455.png,3U3EA5
test-618.png,U9D3Z2
test-528.png,9YYUKZ
test-4716.png,NWQBHP
test-1590.png,Q5CWBP
test-3838.png,PMDMC5
test-1992.png,DCR9RK
test-4971.png,XMUDPR
test-2028.png,RJWHAK
test-2975.png,JY2F9Z
test-208.png,XJ5P5D
test-1472.png,EAFVJ9
test-3737.png,ESYP48
test-1901.png,5GERE3
test-3463.png,QHNNEU
test-4927.png,8P246F
test-384.png,W9USAZ
test-3825.png,HMEWJW
test-4608.png,XJS2EV
test-333.png,Y2UTHW
test-4879.png,GPXFA9
test-2654.png,PSXYDA
test-4469.png,G2JAR8
test-2531.png,8X995M
test-4446.png,CFNAKY
test-3424.png,TM63M9
test-2132.png,A9DMJR
test-1897.png,P89YRA
test-3639.png,Q7WYAT
test-4868.png,QQ57HG
test-263.png,TCGHG9
test-1888.png,CWF43Z
test-295.png,NYM79J
test-2607.png,6TSU97
test-430.png,8WH27F
test-3110.png,MNJKNZ
test-3509.png,4V5H5R
test-3627.png,V9W5SE
test-3179.png,YFE55S
test-4188.png,QDHS6Z
test-1328.png,88CFCY
test-3193.png,FXRU49
test-297.png,YUPV6X
test-2263.png,WSWE6K
test-108.png,NXRJTJ
test-1652.png,D6EENU
test-4096.png,Z3U27H
test-1594.png,J4C9KJ
test-805.png,EU5JNK
test-2201.png,U2G4FY
test-3608.png,J9228D
test-4773.png,4PFRDW
test-2900.png,NGXGC5
test-2231.png,7M5ZF4
test-3754.png,KNKJKX
test-1821.png,8W6XPJ
test-2630.png,M32BGZ
test-2628.png,N7K5CE
test-4704.png,5CMNY6
test-2926.png,WQ58T7
test-2122.png,C2TNKA
test-2822.png,V4NSPA
test-4123.png,HAG6Z7
test-4319.png,5E3H56
test-3598.png,7REKF5
test-1240.png,XCTDUH
test-2858.png,CYEFQ9
test-2563.png,QJY36F
test-11.png,6CUKRD
test-3834.png,T3JEUG
test-850.png,Y8DKBU
test-1844.png,YYCCVP
test-3799.png,XK6G6G
test-4684.png,JHB53M
test-1874.png,UG4P32
test-1208.png,TEVXMT
test-1670.png,GT7JZT
test-77.png,2CV62C
test-3972.png,FWAMDG
test-2908.png,ERWC3H
test-3153.png,DXQYD4
test-1073.png,GUP6X9
test-1118.png,6XT63J
test-4739.png,PBQTCG
test-3752.png,6VC539
test-2576.png,39KBXQ
test-2567.png,2KN956
test-220.png,X4QUKV
test-3510.png,7K2FPZ
test-2333.png,SDD993
test-1893.png,2ZYZ9G
test-4691.png,UBYKVT
test-72.png,5VBSSX
test-1967.png,VU37CA
test-2235.png,PZ3VB7
test-3748.png,G4KKST
test-1398.png,G2Y3VQ
test-4615.png,QHRHN3
test-2044.png,PCCHMY
test-4366.png,PVJFKT
test-2715.png,4ETRCJ
test-4109.png,2QQDW9
test-1313.png,MY5T48
test-4680.png,QHZ8AD
test-1221.png,CMWWPT
test-1256.png,RDZZSX
test-15.png,QKEDQ2
test-3243.png,VEVPUE
test-4812.png,B24R4F
test-1664.png,R6KKJQ
test-2330.png,B2BN28
test-3850.png,WNA6CX
test-115.png,72UXDF
test-327.png,ETE5PU
test-1016.png,HUESAY
test-4101.png,4FQ3ER
test-3750.png,SKBY5H
test-1041.png,KQ6VKD
test-4502.png,BHMCKR
test-3660.png,RY8VTE
test-1733.png,G3GQJE
test-2178.png,6RGHWY
test-523.png,6CGZAR
test-3694.png,AHBWHA
test-4653.png,8J8BNV
test-2591.png,6UZRE7
test-4343.png,UZUJGA
test-3523.png,K9T3VD
test-1363.png,SPTEB2
test-2835.png,NK3XYH
test-4479.png,6FBURS
test-3877.png,UQYDXE
test-1142.png,WRMTQV
test-4063.png,VHB4HJ
test-2313.png,BX9EYG
test-3094.png,H3GF8K
test-1614.png,DE9Z39
test-677.png,FENVEV
test-2296.png,RHRXM6
test-2856.png,3KH8YT
test-733.png,2FNN7G
test-397.png,ZWHMYV
test-4169.png,NHXM9H
test-3664.png,4CD8TB
test-2889.png,WRNKXJ
test-2844.png,KZ5TYU
test-1105.png,P65TKR
test-444.png,4Z7DW8
test-721.png,T3496A
test-476.png,9GU7G6
test-1381.png,Z7EYR3
test-2159.png,9KAMF4
test-1951.png,829FRQ
test-1456.png,3A4YRP
test-3663.png,XRTA6M
test-582.png,YR7GM3
test-3742.png,WUSDZE
test-4087.png,737DJK
test-1019.png,B9SAXS
test-1987.png,SPWT67
test-3501.png,CJBRE5
test-4345.png,HZGYNB
test-766.png,89EYMP
test-3959.png,GEHGKN
test-3666.png,4ESFV6
test-3623.png,G67AFE
test-4198.png,3792GC
test-912.png,4MZFU3
test-2377.png,BCN8SM
test-4041.png,UQ2KZX
test-568.png,AMNMJS
test-3785.png,FG2CBW
test-1912.png,TQ8KZY
test-2752.png,Z63NAS
test-4380.png,2KVTQD
test-2536.png,M9M346
test-1523.png,GKBGB7
test-4388.png,ABNZB7
test-4997.png,9SYANQ
test-4434.png,VNDDSK
test-4253.png,TWAZMR
test-3215.png,8E95Q4
test-1933.png,X2UQGB
test-3695.png,SF3SEU
test-3964.png,S96VB3
test-1789.png,J2HPFW
test-4255.png,DC7X9T
test-1786.png,AQ5PHH
test-4452.png,3FS9MR
test-1432.png,WG5WBS
test-1528.png,R5TW99
test-2046.png,VM3VCV
test-3797.png,RFPMAM
test-2265.png,5Y9WXQ
test-2100.png,2YE76K
test-4697.png,YARE6Q
test-1566.png,KVHF8S
test-3370.png,KZY6CB
test-822.png,3MAQDY
test-4137.png,S3CEBG
test-1851.png,UJNVUX
test-1239.png,4KRXP8
test-4580.png,W97MXN
test-4200.png,3JWRJP
test-1448.png,VEGV84
test-637.png,A3SDMW
test-3142.png,XDX78R
test-3725.png,935EJ5
test-3831.png,78FP7K
test-4506.png,SBV6V3
test-3519.png,8C9KGW
test-1906.png,XJ524Z
test-753.png,DKR9ES
test-4022.png,8Z6CAF
test-16.png,UFCQ5W
test-1377.png,WGYCAE
test-75.png,AMHM5Q
test-4211.png,5RYCR8
test-4410.png,BMVSEV
test-2907.png,AYMHZQ
test-2739.png,UM4NR8
test-1069.png,NHVSC3
test-4904.png,DAW2Y8
test-625.png,QM3JEF
test-709.png,RBVX89
test-891.png,DVFCJZ
test-4114.png,U5YKJS
test-716.png,X5X5BH
test-302.png,ZSB4AQ
test-4468.png,Z2VFNS
test-2990.png,3NYBPY
test-3180.png,7WEZJE
test-3277.png,FWV6TS
test-1926.png,64XKWW
test-4840.png,2QWJPD
test-2421.png,37HRSA
test-2881.png,BG6ADZ
test-626.png,BX4NNG
test-117.png,8HJED8
test-2192.png,VJD74A
test-276.png,97RXSN
test-3999.png,2Z7Y39
test-3769.png,GA2P24
test-2310.png,4KJC3H
test-2013.png,AFEGZR
test-3727.png,QH8ZQT
test-4947.png,CPKXTU
test-194.png,4G5XGN
test-4008.png,V72QDX
test-2486.png,W7T8G8
test-2620.png,A8E2UD
test-4804.png,R2MRH8
test-4789.png,BGBAQC
test-234.png,MVHK2V
test-4355.png,TAPCHH
test-4003.png,ZX4DQ2
test-1048.png,URCZUM
test-4054.png,Z8CUNX
test-2934.png,DGHCUZ
test-646.png,ZB27Y5
test-1076.png,DXJE9M
test-3305.png,ANERKM
test-2542.png,ZTKHE9
test-3603.png,PRM6EW
test-2253.png,PYZTSB
test-2273.png,MMPT2D
test-4467.png,VJ4T6V
test-3262.png,FH3796
test-3455.png,CUND8Y
test-1213.png,4SUZ9B
test-30.png,G4Q3XH
test-600.png,G8MFTQ
test-788.png,XBMK5G
test-1503.png,D5SM2Y
test-1681.png,FQTX94
test-498.png,ZS9W6H
test-2415.png,2H3X46
test-2299.png,F8WHXF
test-1318.png,CV7XYR
test-4774.png,DSG4XB
test-1128.png,B7BM66
test-2087.png,PC84BZ
test-2947.png,GS9XQU
test-4360.png,F7H8F
test-4178.png,B3CG5A
test-4265.png,GBKTS5
test-2303.png,T722NK
test-4153.png,6NZYS5
test-2423.png,2PU5C4
test-305.png,T93NJT
test-2210.png,JNGN59
test-3119.png,CCBNMC
test-1549.png,JCMCKP
test-3957.png,7KU4PM
test-2751.png,YGKXD3
test-398.png,CXUWFZ
test-3473.png,UFBA46
test-2957.png,4ZAJ9Z
test-1476.png,QFC2N2
test-2790.png,249429
test-2878.png,QWJSKW
test-4015.png,WVY5FW
test-122.png,Q7ZX8S
test-2610.png,SGFPH2
test-1730.png,KU2ASN
test-2621.png,XJ794S
test-1985.png,TXQNNX
test-4791.png,CPGUQ3
test-2348.png,BTEGJA
test-5.png,CPMUBK
test-2317.png,R2Y6JJ
test-701.png,PAHUHS
test-1137.png,AWQPU8
test-186.png,2TUDP6
test-4509.png,VMJEJV
test-889.png,R7ZG2P
test-1830.png,38HB2J
test-3174.png,X8YMWC
test-1572.png,NC5YCZ
test-1836.png,5NK7WK
test-1331.png,KQTQ4M
test-2390.png,T8Z8FF
test-3399.png,8VZ4WW
test-1053.png,V7XA46
test-4957.png,KPZZUR
test-4124.png,TTDK2S
test-4933.png,WA7A67
test-3223.png,T8GNY8
test-4064.png,6D3BRH
test-2802.png,9VDXCJ
test-1585.png,MDD7HA
test-3555.png,AKRHCW
test-4687.png,VEP8ZZ
test-1530.png,FTXBY7
test-241.png,KY4M62
test-2587.png,67FAV7
test-1817.png,3WHBMQ
test-4171.png,MKTHYR
test-12.png,DX3YJ3
test-3053.png,WGJPWW
test-3008.png,QTMQ8E
test-4664.png,MUXQWF
test-1072.png,DM3KY2
test-428.png,H3TSGG
test-2452.png,TH7T7H
test-1326.png,WG2DHN
test-4610.png,RBBA5C
test-140.png,J92SWX
test-2085.png,VWCC8P
test-1227.png,H32JVH
test-2686.png,GVY5QG
test-3189.png,8MXZRN
test-1828.png,73W42M
test-1357.png,2QBJD4
test-1573.png,J4VU4W
test-2498.png,E7K6JS
test-438.png,UZX3E8
test-1040.png,KJ85ZT
test-3403.png,FU54AK
test-4826.png,QARHWG
test-4776.png,XUWZQF
test-2007.png,UBV42U
test-2767.png,KWQJME
test-3285.png,WFEZHA
test-4249.png,2VC3S6
test-2916.png,YZ2HVN
test-2821.png,CU4B8A
test-3816.png,RNWKTM
test-118.png,27V3M7
test-546.png,HTRQ82
test-4770.png,UN97KG
test-652.png,WFFH6Q
test-4077.png,DU6U97
test-101.png,32KDUK
test-4369.png,GGTNJM
test-4494.png,HNYP9S
test-4621.png,74CGJ8
test-596.png,GMJYZ3
test-673.png,JDUN37
test-1495.png,8ASTE
test-3751.png,N5VEGM
test-2278.png,6FWZGX
test-540.png,DQY6WK
test-2128.png,FE7UKR
test-506.png,X4AXTD
test-1542.png,KZPUUN
test-3849.png,C4PTN8
test-3264.png,WG5HRF
test-1998.png,4338N8
test-2380.png,R59KD3
test-533.png,5CSU2P
test-562.png,NSVWGB
test-1724.png,ZH6UHT
test-3988.png,6WB9W7
test-3294.png,43NJMJ
test-3251.png,U8KCUV
test-4796.png,P4KNJX
test-4012.png,UZRXYG
test-41.png,2DW2P8
test-2723.png,VFUM6J
test-2963.png,M954HK
test-3201.png,3RJ7BE
test-4603.png,EC67P6
test-2939.png,STJ2DN
test-558.png,G8CA2R
test-336.png,VK7QSA
test-4721.png,M6XUTG
test-404.png,AD6BEX
test-1367.png,WKS32M
test-3945.png,3CC7Y4
test-45.png,4Z5693
test-4689.png,B2YU3X
test-580.png,6XWQVF
test-1469.png,RPZ5GS
test-4829.png,FMXXWB
test-4212.png,HA36P6
test-416.png,HW422S
test-4400.png,3VQZXN
test-3340.png,Q9MQZQ
test-3359.png,4THVJG
test-3127.png,DPAA4
test-1473.png,BHVM9K
test-1558.png,ZKDDDZ
test-2543.png,BCUB2B
test-2202.png,9SVM5K
test-1537.png,G4N7N5
test-3084.png,SXDGZ3
test-3456.png,37TEGE
test-1413.png,UFTTS6
test-3462.png,U6SW7H
test-2281.png,2BZXQ9
test-4363.png,HWC22R
test-1956.png,NTE96C
test-4588.png,8EEX2W
test-2368.png,EEJF93
test-82.png,WCEYRS
test-1788.png,ME7BK9
test-2558.png,3G7QUS
test-1388.png,7KQBRY
test-4428.png,384ABS
test-4694.png,CUC2U2
test-888.png,2RY33G
test-36.png,WWNHSJ
test-88.png,RF8GRY
test-4278.png,R8Z79R
test-2577.png,S9FZJW
test-4078.png,Y6VQC6
test-931.png,FBVDZW
test-4573.png,7N3AJY
test-2838.png,GECHVH
test-4700.png,UX8A3C
test-1746.png,SNP72Z
test-1714.png,C3XHFM
test-2613.png,24PFG7
test-838.png,6QV2AK
test-167.png,5JM3AG
test-2890.png,6H8C6T
test-3781.png,6NA8UA
test-245.png,NHTXWV
test-1345.png,XUDYRD
test-2291.png,JPZXKJ
test-1640.png,BVDWYH
test-3392.png,Q49KUX
test-316.png,JCAUMX
test-3157.png,4SPQ9E
test-206.png,9XBVNK
test-113.png,S8XKET
test-4874.png,V5742T
test-4885.png,4KQ9Z2
test-3214.png,86UTM6
test-1292.png,EQQDR2
test-1293.png,STTYU2
test-1219.png,SHREDM
test-2152.png,N92VYB
test-2375.png,MTJV3T
test-950.png,S7VA23
test-3747.png,M67X56
test-2772.png,TAR9TM
test-4497.png,8X4G4X
test-2640.png,2HGUY7
test-2277.png,Z2J5UN
test-2602.png,3MPZ97
test-736.png,3VSG2Z
test-3768.png,WBH6G3
test-2538.png,ZMPYR5
test-1065.png,HC95XZ
test-265.png,6HY74V
test-2262.png,55VZ5P
test-2530.png,SKBG3H
test-3594.png,Q6X6P6
test-4156.png,4J62WG
test-4903.png,237XBH
test-3327.png,2TGQWK
test-366.png,W6NT5B
test-4412.png,7Q4HGS
test-1723.png,DBP4ZP
test-2706.png,73ZH3J
test-4144.png,C7YYRP
test-2545.png,AFC45H
test-2812.png,RCYHYK
test-2801.png,7UJ2AG
test-1591.png,FB9WV5
test-2554.png,GJ32P8
test-1438.png,BXE5WT
test-656.png,HRK8Q3
test-4783.png,B263CV
test-2137.png,E39ZP6
test-176.png,MNXSJP
test-511.png,DNE3TU
test-905.png,Q2M9X7
test-3504.png,83QAAU
test-4451.png,B8ERTF
test-3615.png,DHPQQV
test-162.png,4D8ZRU
test-3953.png,FSY73V
test-4299.png,U5P6G2
test-1299.png,4JM6DB
test-3324.png,MPU9FU
test-3497.png,GQ48NS
test-4195.png,EFNJ62
test-937.png,WFYAWM
test-1534.png,J75RTP
test-3116.png,ZWMD6G
test-882.png,2XGPUT
test-1520.png,BN535D
test-258.png,9WMNVX
test-3330.png,KTGCUY
test-4665.png,KZRT8E
test-2258.png,EZNMAQ
test-1678.png,QHE8AE
test-3610.png,Q2W2PJ
test-4859.png,KE4H2K
test-729.png,BRRRPV
test-4283.png,FYRQQ9
test-4317.png,HU5RM
test-3041.png,8HKAWD
test-3023.png,NTSAPX
test-1732.png,4JRZSH
test-3650.png,9NJMCH
test-23.png,Q4PBBJ
test-3947.png,2DER5T
test-1307.png,AA3BF7
test-2569.png,TSZ36N
test-4920.png,GQYHCD
test-4685.png,FJACGP
test-1060.png,U2P4HD
test-1050.png,NBX9EK
test-1499.png,PAM7JE
test-2933.png,9ZRNXU
test-2552.png,S8U9KJ
test-4272.png,2CHND2
test-3440.png,G754TY
test-3579.png,DZD89G
test-2276.png,KQ2Z4T
test-3758.png,XHA9JG
test-3937.png,8SU6UW
test-4814.png,Z8JMKH
test-1271.png,5P3W3C
test-3811.png,5X3N3Q
test-2718.png,NBTN8V
test-4674.png,AF42S7
test-3550.png,2GX3JG
test-4677.png,4PQT59
test-1686.png,355F4R
test-1622.png,CQF9J7
test-3049.png,HEHSJN
test-3524.png,SFUN78
test-288.png,TWWEZQ
test-2104.png,R2SEMD
test-767.png,CHGVF2
test-1571.png,XYT6R8
test-1608.png,ZAQW3C
test-3543.png,VXFHV8
test-3345.png,PC6SUP
test-1574.png,28FGXB
test-2828.png,6JXGF9
test-3422.png,4CHZJB
test-2359.png,J6QFK6
test-1369.png,C6EC8D
test-328.png,TTPP5B
test-2501.png,MSQFRZ
test-930.png,8HUW6S
test-855.png,WV3YF6
test-2392.png,JCE3KH
test-995.png,RTGUZY
test-3331.png,GU4ZK7
test-2729.png,M3XTF6
test-2370.png,E8W4XH
test-575.png,K4C5F4
test-112.png,3Y4ERJ
test-2741.png,B34JBB
test-3311.png,XZ3RYS
test-1586.png,6WZBGJ
test-4926.png,CYFRJF
test-37.png,YWC69B
test-1915.png,A6G47Q
test-3736.png,3SMGYR
test-2573.png,TE6NG6
test-3266.png,XRXUG6
test-2017.png,J94422
test-2391.png,JUC677
test-2173.png,4SN2CA
test-4324.png,Z4HWF6
test-3808.png,XVQ2CW
test-3372.png,9R9E4K
test-4671.png,6JQVXU
test-2364.png,ZDW44K
test-1934.png,DCF8VC
test-323.png,D2FVMB
test-3218.png,MAQCZD
test-44.png,HZJAQV
test-4518.png,4QVR9K
test-3241.png,C5D5UG
test-2326.png,ERS9NP
test-2127.png,834MZQ
test-2854.png,T6S3K9
test-1204.png,DSXD3C
test-1808.png,6FTJJ3
test-251.png,F227DU
test-4515.png,6Z23FT
test-4167.png,P58FP9
test-1561.png,KY9FAB
test-2491.png,QHU7YV
test-3507.png,4A337K
test-4745.png,6MH46C
test-2445.png,T2CCE3
test-4303.png,3E747T
test-81.png,GXZJ8G
test-3812.png,S9GVPV
test-4.png,K7ZUF2
test-4793.png,SGNAGV
test-1898.png,XY4VD4
test-1482.png,7QXQJK
test-1894.png,XF4HEC
test-866.png,DPS7TX
test-2312.png,Q2T7WE
test-847.png,MSRQGU
test-2382.png,XVVWSN
test-2850.png,3AEYJ7
test-4682.png,YM2HEH
test-2701.png,YWJQBB
test-4146.png,GM5D7E
test-859.png,ETV3JQ
test-4296.png,DC9HRT
test-2021.png,JCUX6S
test-478.png,ZY3PXU
test-3934.png,9GPW2W
test-4910.png,SEDGFM
test-1518.png,2AYSJ4
test-4643.png,K28V4K
test-2015.png,5XVSJ3
test-1447.png,K2U8WT
test-3486.png,349GS7
test-4236.png,E2YEV6
test-4782.png,J97DHZ
test-2287.png,KX23BF
test-4187.png,3BCXCT
test-4706.png,3YRAVE
test-1373.png,G6ZJEQ
test-1541.png,3ENJKV
test-4281.png,5QC65E
test-1385.png,YRW2YP
test-2656.png,S8QFWE
test-1797.png,FS3J5K
test-4806.png,JKHGAJ
test-620.png,9YC9QZ
test-1266.png,QJCEQX
test-1950.png,SHNDXE
test-2038.png,3Y6CZM
test-578.png,ZAQ7WA
test-2747.png,MRYZAQ
test-1847.png,8YBFPN
test-2411.png,MPDFCV
test-3617.png,M34X7F
test-2638.png,5237HG
test-3576.png,DSUHCK
test-4241.png,DXU2DV
test-2910.png,DDSPER
test-2541.png,PNGPQS
test-2181.png,A9B3AR
test-771.png,QWSG4C
test-278.png,P6ZZT5
test-4201.png,FK3BYC
test-2953.png,CSMGKU
test-1667.png,T2AJ3J
test-4991.png,TKYVP7
test-2629.png,CC4HTF
test-2720.png,9NMMNV
test-4383.png,VVNNS7
test-1661.png,67WUHU
test-1882.png,QEF3U3
test-4221.png,JZT28K
test-4962.png,X47JEH
test-2290.png,QTUE9Z
test-4988.png,TXJMPA
test-395.png,RDGMJF
test-3724.png,G67SX6
test-2018.png,3VXQHY
test-841.png,YGNBD7
test-2862.png,6VR2ZV
test-3992.png,JCKNS7
test-3842.png,BWCMYE
test-2915.png,BDME6U
test-1944.png,BNNAWG
test-2733.png,QC9AHF
test-3572.png,5S9F68
test-1641.png,BWBZ5D
test-4548.png,4HF5DC
test-2511.png,9WKTFW
test-3779.png,7QW89T
test-2637.png,ZE5T7V
test-2727.png,3BNWFW
test-4382.png,A6FJ4R
test-4290.png,7ADT6P
test-280.png,BYHMMC
test-1683.png,EF5ZYE
test-4924.png,AMCDSX
test-3526.png,QFPE83
test-3540.png,SY8EJV
test-320.png,CSCPE5
test-382.png,XP892F
test-2157.png,HJ566J
test-2860.png,XDS258
test-1145.png,74P23T
test-4798.png,GZMMRK
test-585.png,PX3Y52
test-3381.png,XK4GTU
test-2232.png,RAVEGA
test-4014.png,U6J28M
test-3593.png,CYG7NR
test-2417.png,UBT44H
test-120.png,3XR6D5
test-3805.png,QQKXN9
test-373.png,MHRDFX
test-2250.png,HC8HXZ
test-2639.png,UJ7MSH
test-1501.png,WS8P4Z
test-3690.png,7KWTJV
test-3155.png,NVKDRE
test-2761.png,3S3S4A
test-4939.png,4988PU
test-4510.png,ESZBUE
test-4037.png,9E2582
test-132.png,PB3HJD
test-2217.png,Z9273C
test-4975.png,G6JGHG
test-3565.png,9SBRS9
test-921.png,UJXVTZ
test-4998.png,9X7DDR
test-1309.png,3C5HGE
test-4667.png,BTSE6Y
test-2589.png,YCBH9K
test-2826.png,HEBGF9
test-172.png,U25UGC
test-2337.png,SHV53F
test-2369.png,RTSRU7
test-786.png,7VG4X7
test-1062.png,T6X82A
test-4777.png,4HNRTH
test-2645.png,UKRNYX
test-3867.png,MYEUG5
test-3015.png,4K5RBG
test-1111.png,84RRN8
test-3783.png,2W773U
test-3123.png,N9T6DH
test-4565.png,DGZJTX
test-1361.png,6JZV44
test-1376.png,CGFBG9
test-1013.png,PCCRK7
test-3445.png,AP4UBY
test-3537.png,68WRV6
test-1911.png,JKP9SP
test-1322.png,EUUBFY
test-193.png,GFT4AV
test-3368.png,K3XX2D
test-32.png,AC4N7M
test-594.png,GXBFTG
test-2467.png,353YCG
test-4356.png,5CPNWN
test-2948.png,52C8ZW
test-4891.png,N6ZAZ4
test-424.png,M86RUJ
test-3909.png,3RJ85T
test-761.png,MU47EA
test-4117.png,27YEQW
test-3969.png,YB87B8
test-3249.png,3X6R3J
test-3823.png,4225TG
test-3903.png,S548QZ
test-757.png,8P4E2Q
test-2455.png,J3XNX8
test-820.png,YC2R22
test-1139.png,S8PCEX
test-2528.png,VQGPSH
test-4295.png,8E4E6G
test-1965.png,56C3K2
test-4521.png,QREU28
test-3863.png,Q2X9NV
test-3898.png,7UFT33
test-4761.png,7NAWP4
test-3423.png,PZX4RB
test-3320.png,H45PWB
test-1125.png,W8JXWP
test-95.png,BC8C72
test-151.png,5R379R
test-3625.png,ZADMP7
test-1186.png,R6QVMS
test-4619.png,3GFRMH
test-466.png,GDNXXZ
test-3710.png,GW8VFJ
test-1481.png,TMEMKF
test-414.png,NG3UWT
test-2329.png,QAY86M
test-1959.png,645A4A
test-2047.png,CTMWTJ
test-484.png,MB2C5B
test-3267.png,SGVB5Q
test-3810.png,YYCJ6D
test-1443.png,9SHEX9
test-4867.png,5QH4B6
test-1703.png,B2VKD4
test-3882.png,EJ9MTC
test-2199.png,T22A4J
test-1119.png,R9AVGR
test-3655.png,3738BW
test-3784.png,H4HYSD
test-2608.png,NDVYMU
test-2678.png,NAJQUH
test-3203.png,5NUCZ3
test-3840.png,RUGPWU
test-309.png,6U2PAJ
test-3061.png,2YH55M
test-4846.png,5SQP3P
test-2830.png,PSW547
test-1839.png,J9BEEY
test-4065.png,DQE5DE
test-1064.png,MM7CFF
test-4938.png,3JFUV9
test-2426.png,SG9ZH3
test-4634.png,YERC2Q
test-1025.png,DZERHN
test-2745.png,EN3YBP
test-2918.png,8GVSB2
test-4609.png,X84WYD
test-3388.png,9U8FU3
test-3996.png,CRNZA6
test-3292.png,QE7XFB
test-4823.png,EZR9DN
test-3010.png,BN6S3G
test-1461.png,CF72AB
test-2060.png,R44VFC
test-1921.png,MP4Y4X
test-965.png,4XC9NC
test-816.png,4UCTXY
test-3983.png,8Y9RVZ
test-1181.png,G45MEN
test-982.png,2SCG2H
test-3019.png,5JRVDG
test-725.png,ZYE3NT
test-1226.png,M2UNR4
test-1416.png,ZAGZGM
test-1149.png,E7BSRK
test-3702.png,SRX8RW
test-4045.png,5TNTXC
test-3693.png,6MJKPP
test-3782.png,X5EY2X
test-3086.png,PRHCEK
test-2738.png,4AGDKS
test-3479.png,SF35VT
test-4582.png,2V3AQS
test-1195.png,RE28VZ
test-4742.png,UZ9K5N
test-3022.png,HBV994
test-773.png,2KBJCJ
test-2557.png,CW5YVW
test-2055.png,THD5CQ
test-2438.png,CN25WB
test-3894.png,V2FQXP
test-3521.png,CZBGTC
test-691.png,JQZ66B
test-2407.png,GZ8M8G
test-3671.png,T5HJ6C
test-4590.png,EDBCZ6
test-2285.png,NWW8QP
test-4679.png,S82NE5
test-2343.png,VNJW4Y
test-2624.png,5A6S9S
test-3645.png,YCT44S
test-318.png,3NFGWT
test-482.png,5ZFGJY
test-1505.png,Z7K5WJ
test-3107.png,56CB9P
test-1764.png,DCM97G
test-2187.png,CYQPNX
test-1785.png,99XAYK
test-3177.png,QB892R
test-3235.png,VGRFBU
test-3561.png,37H5KG
test-3689.png,MJVBTA
test-3007.png,W8B9YD
test-1504.png,J6E4RC
test-1629.png,3SMGE7
test-2712.png,JZBU99
test-4699.png,MKQX3V
test-1736.png,WHAC7H
test-2193.png,S8H5MJ
test-3036.png,WB73V5
test-1047.png,DXARM9
test-2469.png,8S3V6J
test-3527.png,G4CUUF
test-2223.png,EFQHH7
test-4238.png,S8CDV8
test-1490.png,KKV3JP
test-1445.png,NHYYDS
test-2894.png,2Q2HYD
test-4753.png,AS23D2
test-4505.png,3EAVZ4
test-3962.png,N32S5Q
test-4987.png,3AVJRT
test-4465.png,C4VAZ4
test-1095.png,SY6P8V
test-3064.png,RUG5FR
test-3869.png,ZW67EF
test-2209.png,EF5Q36
test-291.png,N9PJXE
test-1634.png,V2T7D4
test-134.png,J9NG8T
test-4841.png,FQ3EU2
test-1406.png,VBUJ2S
test-4563.png,G3HRUV
test-1100.png,GFTKGX
test-283.png,GUVRW6
test-4587.png,KMXJBH
test-4313.png,2ETT44
test-1706.png,4YY269
test-3902.png,WHBKSE
test-2730.png,X6WRHW
test-4809.png,7PTY4F
test-399.png,5QDGFQ
test-3921.png,D2BHF5
test-3928.png,H39UM4
test-2775.png,RVYT94
test-1804.png,3TY4Y5
test-2457.png,Q8ZWUP
test-829.png,TXHJ6E
test-970.png,Q45Z85
test-1743.png,SMCGVX
test-737.png,RTGCGX
test-2884.png,RQHAUC
test-1122.png,NA9E3U
test-188.png,W6X4PP
test-3465.png,3RTJAF
test-2393.png,JENXKZ
test-4852.png,M5QTKF
test-3880.png,VG5BCA
test-4929.png,QX4CV3
test-4500.png,QPJD65
test-4616.png,JZHMDY
test-3897.png,H7CJSM
test-2218.png,7XKX6S
test-437.png,D67P75
test-1090.png,87JE5S
test-885.png,5RR3UN
test-4375.png,V4XA8D
test-3395.png,BP56X6
test-4194.png,3J9JBP
test-2935.png,5ND33E
test-495.png,7M4ABE
test-806.png,PN866F
test-884.png,FP4BFV
test-387.png,RMUK8G
test-4722.png,QGST38
test-4803.png,S9HYAP
test-1880.png,64UQKS
test-3839.png,5UC634
test-2097.png,ANPUZT
test-4613.png,DPPKHE
test-3764.png,YQ8E6U
test-3767.png,BDSRWV
test-4001.png,3X427F
test-3240.png,NXJWP8
test-1215.png,RQWTTQ
test-3101.png,6TFQAA
test-3391.png,FHV2FN
test-2928.png,S2MSFU
test-2006.png,EASHQX
test-1015.png,5ZK5TR
test-1692.png,BVWKZ8
test-919.png,63PDTT
test-4079.png,GHVMHC
test-1488.png,JBVZDD
test-1942.png,XXHFC7
test-2709.png,KCW4WJ
test-3099.png,TV7C4Q
test-4631.png,V6UR8U
test-2505.png,VNJPGD
test-4645.png,3UDYXG
test-978.png,HKPFHB
test-2777.png,KHFR8R
test-370.png,W3WFGC
test-2882.png,4BCYME
test-774.png,US8R88
test-3896.png,CEMVE7
test-1342.png,P4G692
test-299.png,4CA9VB
test-4226.png,ET8USQ
test-844.png,PHFUXH
test-4042.png,3H4QD7
test-2177.png,U333J6
test-2870.png,ZXX6RS
test-2242.png,WMXSUQ
test-4040.png,AUQ5RZ
test-3585.png,3PQRFC
test-883.png,YKMUYY
test-1680.png,VKQ3MM
test-1651.png,K9WYN5
test-2185.png,D8QHSH
test-696.png,F7GNSN
test-4376.png,99N9W7
test-854.png,XPWDKM
test-704.png,G4SFH2
test-4254.png,QZQS54
test-3279.png,YY2787
test-2593.png,MNZET4
test-1347.png,P4U3NF
test-1739.png,6H3NPZ
test-4959.png,G8CA43
test-4663.png,VE9SHZ
test-2324.png,7FPTZ9
test-4872.png,5DCKNT
test-1449.png,5GFU3M
test-962.png,G9PE2F
test-726.png,24CSES
test-2341.png,H6G7XF
test-2051.png,VW7X22
test-138.png,U9FT6G
test-507.png,NJ7M69
test-4990.png,KN8GQ5
test-2580.png,QKTHWJ
test-4197.png,EPVQT7
test-1709.png,M5DG47
test-3383.png,YJJFQ6
test-1399.png,G7CPYV
test-971.png,FJWWRH
test-4301.png,GT6P9G
test-3864.png,NHBSTU
test-569.png,Q7EC5K
test-4298.png,UTZGX9
test-1296.png,CT6GJG
test-335.png,3VDDR3
test-3384.png,VVWQ4K
test-4277.png,35Q7W9
test-3149.png,7CFVMG
test-974.png,AKSZ29
test-4946.png,S77UCV
test-2403.png,MNMYWC
test-1193.png,84Y2WW
test-4374.png,VW2486
test-4196.png,K5HX6X
test-3270.png,ZXHJWT
test-3063.png,G6WT77
test-232.png,77AW9K
test-2808.png,XFVKTN
test-3236.png,7SRHG9
test-2101.png,T8M48D
test-928.png,FBGU69
test-216.png,HM88AK
test-2661.png,56EEYE
test-4800.png,2S6TGY
test-4384.png,959JXT
test-390.png,ZS3ZYJ
test-3332.png,RECY9T
test-4002.png,7RAD8Y
test-1158.png,KYJP37
test-505.png,C3PMWE
test-3380.png,BBJW2Y
test-2363.png,8FHCK4
test-1316.png,NNNUGX
test-1255.png,3CVTU7
test-1051.png,6AMMCQ
test-3830.png,BAJJJD
test-3502.png,8362GT
test-1272.png,5RQZXF
test-4136.png,WTNKMF
test-1003.png,9NV2WP
test-1423.png,NU4Z3W
test-4856.png,PDQTJU
test-1538.png,QRH4HY
test-1096.png,GEZ96T
test-3794.png,R94QA3
test-3429.png,EMCNU7
test-4415.png,3836F5
test-2.png,WJ2WNY
test-4155.png,9RG8N5
test-4147.png,ZD9QWU
test-1036.png,6SCEDS
test-3967.png,RC6UG5
test-3513.png,YHZ2MC
test-2352.png,Q6W9XN
test-4628.png,HPCAYF
test-4143.png,2UP5VS
test-3352.png,6HVRCP
test-3362.png,CSX4NW
test-1643.png,5T4V3J
test-2271.png,HARJT5
test-4016.png,9MXEHR
test-3760.png,5A3NZ8
test-3618.png,WQA24R
test-556.png,9WUVV9
test-2114.png,QKYHEG
test-934.png,2EGGWN
test-2213.png,BTKJFT
test-3004.png,Q9RSY9
test-1297.png,REU7JJ
test-147.png,KR8MAP
test-406.png,PZ32PQ
test-244.png,AEHWKH
test-3342.png,RBNFV3
test-1713.png,U2DBS3
test-2913.png,BKE6W7
test-4858.png,762C3A
test-4118.png,ZURJPC
test-3398.png,HUVEA7
test-1562.png,ANTC7T
test-1422.png,WZW28J
test-3545.png,AGB6Q3
test-1763.png,G6BZ44
test-3712.png,QRD3FA
test-3002.png,56H7NB
test-1787.png,H2R595
test-4886.png,NJ548B
test-3975.png,4SDZMZ
test-1589.png,WXK4QN
test-3503.png,UM9BR4
test-4897.png,QAPZB8
test-3998.png,VUYMF4
test-2109.png,BNZ2Y9
test-2917.png,8SJPE8
test-4237.png,Y24JNR
test-2206.png,SQFB3B
test-353.png,U95U3C
test-3995.png,KXXHSH
test-3584.png,XS9WBA
test-488.png,UURT98
test-641.png,N6EY22
test-1753.png,6PMUB3
test-4544.png,EB923S
test-1820.png,ZRHSB3
test-4175.png,PXQTX2
test-4828.png,WRJU2J
test-1665.png,8CPYG9
test-3018.png,UT4CVJ
test-3960.png,B5RNHP
test-4760.png,GGVQTQ
test-1843.png,DGN7DT
test-1206.png,DEEYT9
test-2086.png,N9HY6H
test-3302.png,A7THVW
test-3609.png,SPBBP4
test-2659.png,M5VS42
test-1881.png,BKNHY8
test-4562.png,CJTECM
test-4750.png,ZP28G9
test-3385.png,53MQUS
test-250.png,6AJXMM
test-3993.png,VN6ZCP
test-3638.png,2EGAEV
test-3269.png,VQJPDZ
test-2076.png,Z4683K
test-4341.png,MPQ8YB
test-4407.png,JRDDH8
test-1756.png,T5KWRZ
test-2864.png,EZQ34S
test-1350.png,97HFXF
test-3535.png,JPVNBM
test-3601.png,G6VT6N
test-4083.png,XDHN9T
test-612.png,DM94NT
test-3575.png,572MVA
test-2405.png,SC6JYK
test-1136.png,C24M25
test-3943.png,M2VSGE
test-2012.png,TUBBWZ
test-4119.png,TH7JP3
test-439.png,K37NNS
test-4361.png,M66XHF
test-1866.png,5Z87DU
test-1937.png,X9WY3Y
test-3317.png,C763G3
test-2987.png,9238Q3
test-440.png,2SP5RM
test-3813.png,W76ZFQ
test-902.png,RHAPS4
test-743.png,MJQMEM
test-2873.png,5Q64C6
test-2942.png,BV7NKT
test-1981.png,EY3VBW
test-1165.png,SGWC5P
test-452.png,BSXT4A
test-4425.png,S3R69R
test-778.png,Y74GWK
test-1726.png,JRR7UB
test-4819.png,83RAZW
test-4711.png,CW83ZF
test-1354.png,ZEHQBS
test-3027.png,AGNEN4
test-1688.png,BNU4VJ
test-3365.png,PRXK5S
test-1365.png,4MBF25
test-1827.png,CJBD9Z
test-3676.png,URM44H
test-1582.png,7SER6D
test-3449.png,ZVU4BV
test-3213.png,MV43RC
test-1917.png,HKG254
test-3466.png,J6XNKS
test-648.png,JCGWHS
test-3873.png,4G6BNK
test-56.png,SUJ42Z
test-548.png,AMUHBS
test-3304.png,DHNYTA
test-3135.png,EMJU2W
test-198.png,ED9KHW
test-468.png,CZFQFP
test-1261.png,32SG89
test-2817.png,EYQ4U4
test-640.png,C9U4QF
test-279.png,2TPJ8T
test-33.png,N2X4MW
test-1074.png,S5937Q
test-2871.png,99M8HN
test-2827.png,KPZUHD
test-3866.png,KK2DZ5
test-879.png,J4JAHN
test-1401.png,QD9EQA
test-3506.png,H43HUW
test-3375.png,SR28QC
test-4953.png,DBGBBP
test-2635.png,D4DWH5
test-4538.png,7UR94A
test-2422.png,K2BYEA
test-2040.png,QEB7A7
test-3058.png,559YKB
test-1403.png,BXWXE8
test-3559.png,8K9TAH
test-3763.png,XXGUWT
test-3826.png,WHNE8C
test-2389.png,88UVVG
test-3226.png,GFN6TZ
test-4150.png,XSSPFF
test-4830.png,4PFWR4
test-588.png,VWXMB8
test-4870.png,DJ8QDT
test-1927.png,M5ZDXB
test-2327.png,GUWG9X
test-2071.png,X3XKM7
test-4210.png,VRX8VA
test-571.png,JCP6W5
test-4857.png,PMXRAC
test-4256.png,VV4KBU
test-4805.png,S6729F
test-300.png,ZAXNQJ
test-2288.png,23FVGQ
test-1968.png,8RZKSK
test-2283.png,STVDQZ
test-1859.png,J6X7GV
test-760.png,DTV44T
test-1658.png,AFM5EK
test-2227.png,257NV5
test-1129.png,WY47ZY
test-1900.png,KFPZRS
test-3097.png,7JGN73
test-1479.png,F2QXGE
test-3245.png,X88YWR
test-2791.png,343SC9
test-2418.png,DWQZCE
test-3703.png,Q5C9MP
test-531.png,YU4CWD
test-1496.png,N75NSZ
test-2689.png,HNV98H
test-2778.png,KTHV8T
test-747.png,7F86NP
test-3925.png,TNJBC3
test-894.png,9Y5T5J
test-3516.png,4NSD9U
test-3771.png,2BD4P8
test-668.png,WVTWRN
test-2207.png,E4DGVZ
test-2442.png,MG8YQ3
test-235.png,THMPGC
test-3188.png,RKMH97
test-1327.png,SQ6BAV
test-4951.png,NS7F24
test-2886.png,PUKNHJ
test-840.png,3BBE3B
test-2952.png,DA792S
test-4866.png,QTNMM6
test-2026.png,JRTA5F
test-831.png,NT39QT
test-4203.png,XRRA6E
test-3125.png,BUAUTW
test-1106.png,STD3WT
test-184.png,B44TVR
test-2924.png,2T8HVM
test-38.png,BN5N8Y
test-2632.png,QFU6R3
test-4771.png,6YS699
test-422.png,PDQPB5
test-538.png,6XQJ5V
test-3029.png,4RCBB9
test-2544.png,ZGRD6J
test-3605.png,57ZX28
test-613.png,V36BFA
test-2533.png,AF6MMC
test-1762.png,MQSPRF
test-4893.png,E3E4U8
test-3418.png,ZWE6U3
test-2302.png,XXE5CB
test-64.png,3R29T9
test-2483.png,7BQARB
test-666.png,AUH582
test-2663.png,4YWKD5
test-1418.png,GF9477
test-542.png,37YQ75
test-1737.png,Z7ZPT9
test-2198.png,PW8QRD
test-3862.png,SETB25
test-1554.png,ESNHHU
test-3804.png,23ZEU5
test-4934.png,CD47TB
test-1183.png,3RJRPU
test-2780.png,TJUBXA
test-2308.png,BB7KYS
test-285.png,5RH3Q6
test-1089.png,63ZCG9
test-2925.png,FR9U44
test-3558.png,6QPH8P
test-4972.png,KQKSZ8
test-1773.png,V9B6CF
test-1563.png,J62QQ
test-3818.png,XBCUZU
test-3334.png,FTBYQV
test-984.png,AKX8SB
test-1600.png,BXZVJ7
test-2823.png,XXYVH7
test-442.png,4Z9GZW
test-3030.png,5WADDX
test-1225.png,YNKAUR
test-4000.png,S3ERRE
test-1531.png,UCBYWQ
test-329.png,PMATR3
test-4732.png,ADAF8J
test-4756.png,6JMMRS
test-3765.png,NFAHJS
test-2997.png,VQJS2J
test-4127.png,UU7XRE
test-4601.png,W4ZM5Q
test-3367.png,7HHDU2
test-2614.png,XJPUXX
test-3936.png,NAHCB9
test-4738.png,MAD8EY
test-3376.png,UUTJWV
test-1742.png,Y8TB32
test-221.png,AAYER2
test-2484.png,MRVH3D
test-1217.png,VMJ959
test-2519.png,38GA4V
test-2437.png,CKXYP8
test-2938.png,FKG9EW
test-1474.png,PWJTR6
test-2042.png,34F6MZ
test-3889.png,SVS9B3
test-2135.png,XFJJBY
test-4848.png,U7YD6R
test-1278.png,BTNVVQ
test-3037.png,N98WCW
test-3514.png,GWDHNF
test-1878.png,HDT7X5
test-247.png,8UEY86
test-4736.png,RE8E7W
test-3588.png,MGU9CK
test-1689.png,WF22PH
test-237.png,7MC5BV
test-3745.png,QRYRTD
test-4913.png,SYGX7N
test-1633.png,YN8KRX
test-4089.png,VYU8D9
test-83.png,5NYEXQ
test-3281.png,XNGVKX
test-3845.png,SNSUED
test-2522.png,7V4GU6
test-3425.png,HBZDV6
test-1453.png,M2EJY8
test-383.png,RDG3Z8
test-627.png,37BWZY
test-2619.png,3NWFAM
test-1055.png,9FAP4P
test-3508.png,U77RR4
test-145.png,AGMEDF
test-512.png,BZD6X8
test-226.png,DXC6G8
test-4478.png,DFX97V
test-1507.png,P48W8Y
test-3443.png,YQMDHQ
test-4010.png,NUKD3Z
test-874.png,RYRPVU
test-96.png,3VJT7N
test-708.png,37PAKR
test-1323.png,5KDA9K
test-4948.png,Q3R9XK
test-4666.png,NNTDJJ
test-4569.png,TWTXVF
test-3733.png,2N9WDH
test-3595.png,CG3PXS
test-3899.png,SCFXUB
test-4228.png,7QBGUH
test-1202.png,Y8AU3P
test-3648.png,TYR7X7
test-1498.png,U66XFH
test-4524.png,ZK4USK
test-4018.png,HPRY9C
test-2892.png,8UG8MU
test-3718.png,HPJGGY
test-3614.png,354VFE
test-59.png,BDFYYR
test-1592.png,X36T3K
test-3265.png,HHNBH2
test-4216.png,FM8NSV
test-146.png,C2J9QX
test-1356.png,BZZA39
test-3071.png,3YS89Z
test-3954.png,X6ZGZB
test-4038.png,CMAV32
test-3892.png,27KVPT
test-1462.png,3GH99Y
test-4166.png,QDUNJS
test-2098.png,B544HQ
test-4328.png,WNVX9R
test-3204.png,WPE56M
test-1635.png,XJJPHG
test-1372.png,Z6JD3G
test-2244.png,GA9B5H
test-4556.png,XPM7RX
test-462.png,5JRSF6
test-227.png,NE8TJZ
test-2088.png,5Y45BC
test-980.png,YYZYYC
test-2736.png,6N6MEY
test-1454.png,8KXAZE
test-1441.png,NGEXNF
test-1829.png,AGYRE2
test-4174.png,HQNPWD
test-858.png,8Q2VRC
test-719.png,EUNRC9
test-682.png,TZZV7S
test-4821.png,Z2S7AZ
test-1014.png,2N2J95
test-1123.png,7TEK9X
test-1662.png,MNJUNN
test-4966.png,WF86F5
test-4723.png,GXY8Q5
test-1630.png,FCZKZQ
test-433.png,Z9AMPC
test-1774.png,JVW4JW
test-2653.png,CKDXSU
test-321.png,XV8F8Y
test-1618.png,4AHUU6
test-2820.png,ZWKUTX
test-4641.png,65AQZD
test-2495.png,JVUX7F
test-932.png,YRDASX
test-4158.png,ANXFZK
test-873.png,ZVHKDH
test-1020.png,UUNKPB
test-203.png,EDUVZ7
test-3314.png,YZ4DCG
test-808.png,WSGHWT
test-3939.png,NMNUB8
test-1147.png,P3YVJW
test-1958.png,PGJUNJ
test-1233.png,NCT76H
test-2115.png,SXESS3
test-3602.png,CD4MZP
test-4818.png,44QZWS
test-824.png,DUGTF6
test-1224.png,M4C5SQ
test-599.png,WK6WU2
test-2676.png,HE6V3P
test-3668.png,UF673Q
test-1305.png,6YV7J8
test-744.png,G9UG3D
test-1953.png,WMMDFN
test-3913.png,JF2F7
test-2666.png,M9KTCV
test-3475.png,BJSDU7
test-2600.png,S2XU8A
test-901.png,W5ZYNT
test-1245.png,H6GDKZ
test-593.png,7XDJUB
test-525.png,VBRUAV
test-3078.png,P54JXD
test-290.png,P2VPH2
test-4638.png,W2BP84
test-403.png,Y28K73
test-2167.png,M3NPF3
test-530.png,5UVD22
test-772.png,SBE7KC
test-1285.png,B288S4
test-2169.png,55275H
test-1093.png,EEE2JT
test-3740.png,E2KBVE
test-467.png,VR3QRT
test-2024.png,2TY9HE
test-1560.png,3PWGWA
test-2697.png,AJNGEC
test-3560.png,69E5VZ
test-4545.png,NDSKSR
test-2781.png,4E6N3Q
test-6.png,UZDRAW
test-2749.png,C9ZP8K
test-2077.png,SUQV6F
test-1057.png,KEMXT4
test-2807.png,SRFX82
test-764.png,349U39
test-826.png,ZC9XQH
test-2869.png,WM3P77
test-4320.png,QKUB56
test-2704.png,FPVB29
test-1757.png,WAG3AG
test-2493.png,UM92U5
test-3973.png,5P95Q3
test-4851.png,697D4G
test-1085.png,M49VGP
test-4398.png,M9KC3V
test-4424.png,UXBASU
test-4797.png,44YC8C
test-2102.png,S8VSYH
test-999.png,QQK7B6
test-2240.png,VE2NAY
test-3148.png,XVY52B
test-3220.png,3UPRQY
test-350.png,HX3J6H
test-3556.png,JPGFSY
test-2936.png,STY4TZ
test-3434.png,KJYDFX
test-461.png,MWNK9J
test-4333.png,T59DMT
test-1852.png,R7RKAZ
test-3339.png,2NCS8M
test-1170.png,7NSFE6
test-4471.png,74DTUP
test-1242.png,3G8GZ7
test-107.png,3B3NTR
test-4980.png,7ME5NA
test-3309.png,FVHCSW
test-2927.png,FCWYXR
test-3173.png,8YS4NX
test-1283.png,H9G9HD
test-1624.png,A2Q79P
test-4223.png,9JEF88
test-4176.png,QWVP24
test-2566.png,3BQAN4
test-264.png,8JXENB
test-2559.png,J4A8PW
test-3994.png,3TQVQM
test-1269.png,WGVPZB
test-1140.png,H4RRDH
test-2590.png,NHJFXR
test-2797.png,SHKRTY
test-574.png,HUZEQA
test-3005.png,4YS6TD
test-2304.png,A3TF77
test-1684.png,BRREVE
test-832.png,ATUG5N
test-4199.png,HXC2E8
test-4493.png,HNWFRV
test-4209.png,9BSEWW
test-2331.png,EW6SD8
test-68.png,JBB5J7
test-1411.png,24A6DJ
test-1997.png,WAEAZY
test-4389.png,XJZ3AJ
test-1251.png,J6AKDB
test-2539.png,M6M9SB
test-2454.png,GDXGE4
test-606.png,RDW4AB
test-2992.png,JN2TJV
test-1262.png,XA57BB
test-1387.png,44XA3X
test-3525.png,5CZNZP
test-240.png,DJ6ZU3
test-1470.png,3AC3CK
test-4261.png,MJ38GU
test-3583.png,GUVQEH
test-942.png,AMM5XV
test-275.png,MZFH4B
test-4969.png,8KRQZ8
test-98.png,HRXC2J
test-2914.png,D4AUYJ
test-1623.png,D6WQNT
test-1691.png,QAMUFJ
test-2815.png,PRHPNY
test-1319.png,M7ZGHF
test-2075.png,SBKY6F
test-436.png,D3GH9J
test-1489.png,87UKUC
test-3336.png,U5EJ5N
test-1360.png,K5Y742
test-2651.png,BYXT2H
test-4701.png,GB82EZ
test-1605.png,PJ2YTE
test-3333.png,ZTRUAF
test-1567.png,XS8VNN
test-3662.png,NTKCBG
test-4354.png,MDQC2K
test-642.png,K3XD9A
test-477.png,PKPAQ6
test-2805.png,JQMQJN
test-3708.png,9GCZ34
test-1010.png,QMX9BV
test-1719.png,M8SU7E
test-2743.png,JV32JQ
test-2269.png,C6B3NK
test-3829.png,MPHSJX
test-212.png,2CPHZ7
test-863.png,GFEH63
test-768.png,FG2NUN
test-1282.png,G8DH84
test-2529.png,CJGU3V
test-4945.png,ZM2X9T
test-4416.png,ACUYQT
test-4036.png,KVFKYC
test-913.png,UTZ72Q
test-1955.png,AVANA7
test-899.png,98XDZG
test-4257.png,GRFFSS
test-754.png,WJX3S8
test-926.png,QUQU97
test-3436.png,QAWZTP
test-4703.png,M9FPM5
test-3476.png,X94GPA
test-1391.png,EJ25E5
test-3948.png,FQ3ETW
test-4135.png,NTCGRK
test-875.png,ZN3C4V
test-4594.png,HQMCH4
test-1380.png,DXVYTF
test-4568.png,UZ2JBM
test-2979.png,WRCMGA
test-989.png,M4N328
test-3552.png,BQFBHH
test-4365.png,EJQT59
test-1547.png,DWZPKQ
test-3461.png,MHY27G
test-756.png,JA6K8R
test-3156.png,SHWSGR
test-4273.png,UHYFQK
test-3499.png,W4JECD
test-4047.png,Z7U5CS
test-10.png,7DUP98
test-3068.png,7GBAZ9
test-2434.png,PQFQ8Z
test-3968.png,2FJ4EM
test-3210.png,HXK4HB
test-1939.png,FV7TZA
test-4967.png,ZUP2AD
test-1715.png,8UWUTU
test-3121.png,ZMJTVM
test-650.png,8ADZ75
test-1304.png,UHJV4S
test-2450.png,EMT8MY
test-62.png,A8M5JF
test-795.png,PW9AAT
test-3145.png,6N3N6S
test-1533.png,EMVFQ8
test-4284.png,8E2A9Y
test-1771.png,EEU3Q8
test-2344.png,G8HVAB
test-1011.png,45TZR9
test-4368.png,3RM9NY
test-1138.png,QMKTSM
test-1751.png,DBW8KC
test-1815.png,K8J9W8
test-2355.png,K4E8PK
test-3457.png,V8NR98
test-22.png,S6HW7T
test-454.png,S2MN7N
test-3050.png,XT37BM
test-3592.png,MS8AZD
test-3786.png,WYP7FV
test-4148.png,3GR9FB
test-4999.png,Z2WTZ3
test-52.png,CXMQVA
test-2155.png,74ENP4
test-649.png,JUE7K6
test-4430.png,UWZQ73
test-354.png,V6N682
test-2508.png,C5MSNK
test-2494.png,YHTNSA
test-579.png,S924R8
test-3154.png,JECTWX
test-2323.png,88CN6K
test-722.png,338VBX
test-2023.png,MWVM3S
test-3361.png,JMUK23
test-242.png,58HDYM
test-4979.png,BK698Z
test-915.png,HAH8Y8
test-3528.png,VV9H94
test-4106.png,KBXYK5
test-4811.png,G7RR7B
test-1250.png,964MAZ
test-2093.png,KNTRKG
test-1152.png,Y8HA36
test-4525.png,BCQRPY
test-4441.png,2HZDCR
test-4593.png,VRRQ8F
test-4185.png,8954XS
test-2572.png,7S7VV9
test-3379.png,ZNH55A
test-340.png,Z5GZKW
test-74.png,YSAT2X
test-981.png,EUDZ6T
test-697.png,RH37WH
test-3469.png,T4578U
test-3256.png,435WE4
test-1675.png,9AYE6M
test-1458.png,EGP6N9
test-4657.png,R52JWM
test-695.png,CWSHNR
test-2970.png,SF46C8
test-2698.png,8EVZ47
test-93.png,D6BZ8A
test-862.png,YRJYMM
test-4312.png,2JMEN6
test-4204.png,Z6KYUT
test-4287.png,NH45H6
test-3982.png,SBTFDH
test-2902.png,TYMSY7
test-3809.png,3W5TDP
test-1024.png,X3M8WW
test-1270.png,6PNWGS
test-4181.png,KZX5BH
test-3470.png,DCM4H4
test-720.png,WWME7Y
test-3075.png,K5KDG4
test-1625.png,9GQKT8
test-567.png,EQCEDC
test-4490.png,42GPEG
test-3923.png,TKZYNB
test-1508.png,4AB3ZN
test-2976.png,Q3MC9R
test-1823.png,MGAMWP
test-3081.png,GJ69WH
test-1738.png,GKYWEU
test-1850.png,XSHTKA
test-4334.png,2X43YQ
test-3741.png,7R4GNH
test-3981.png,BFB638
test-3346.png,8FR2B8
test-4567.png,ZCDJPS
test-1155.png,7FB7UP
test-3035.png,JECY2B
test-3350.png,R882CV
test-2379.png,29484T
test-3167.png,DDGFB8
test-3884.png,P9WEU3
test-1674.png,GMM8HG
test-3912.png,ET3ZU4
test-1324.png,TTNS93
test-3672.png,TQ9WXY
test-4461.png,GDEDMN
test-1175.png,KFZBQX
test-3871.png,APJ6WZ
test-418.png,B3QG6T
test-2548.png,WDTWVV
test-4439.png,AKQK5S
test-1935.png,WR7M4U
test-3474.png,UTHEMF
test-457.png,3KFTV2
test-944.png,4K79AF
test-4787.png,9439GM
test-1831.png,DA6F54
test-1130.png,V3MVJK
test-803.png,HNTR4F
test-3621.png,ZCX836
test-1620.png,U8DC6F
test-1396.png,GZJPWN
test-1809.png,3RCJE4
test-2809.png,MNY6KJ
test-3228.png,FEDBSQ
test-3682.png,5Z8Z9D
test-4264.png,5AYKDC
test-2289.png,TYQM4F
test-1098.png,FUXPCY
test-3806.png,VWDVK7
test-1578.png,PEQX6Q
test-3032.png,PZDGA
test-517.png,VCKZ2B
test-1196.png,BYMUPA
test-3415.png,6HM75K
test-526.png,7MF79A
test-3807.png,BTY9HG
test-4131.png,2G28J6
test-1855.png,32EMBB
test-3944.png,FDTVW9
test-4662.png,JHNH9H
test-846.png,VUQREY
test-560.png,VWMV53
test-3273.png,9Y9NGB
test-3532.png,9AFQF
test-4023.png,BSR3ZC
test-2999.png,FS2S2W
test-4190.png,AARKKF
test-2113.png,78GJN3
test-587.png,GKY8KJ
test-3570.png,B6ZRJU
test-2905.png,PBQWBZ
test-187.png,ETJMPK
test-790.png,4HRDZC
test-2980.png,5P66SW
test-1924.png,H48GMK
test-3581.png,P93KJS
test-3930.png,QWNJDV
test-1593.png,K9GBTX
test-660.png,NMCJ3B
test-79.png,PZR7WH
test-1434.png,JSHAVN
test-527.png,N9BBU5
test-2272.png,A8DEHK
test-2246.png,N6PNGZ
test-3448.png,35SPUU
test-4550.png,MBCJ98
test-4323.png,NFBYT7
test-3628.png,XVZK8P
test-2680.png,JNZRS3
test-573.png,CEBF6Q
test-1005.png,FFTFRX
test-4816.png,6XRB3A
test-3512.png,Z2Z87W
test-105.png,T6F3VW
test-2657.png,69TT6Z
test-2164.png,QGDWJV
test-4794.png,QH456X
test-1301.png,UEAEWE
test-1150.png,JEDUA7
test-182.png,JNQCPR
test-1553.png,48J6RU
test-1260.png,99ZV39
test-3031.png,DZFPA9
test-2728.png,JAWTR8
test-1768.png,JX99KZ
test-3857.png,V29BBA
test-3607.png,FKY29W
test-25.png,PUBDCD
test-3720.png,VVXQKY
test-4318.png,QQ45B7
test-570.png,SQBEFP
test-2763.png,XK7KJV
test-3820.png,AH7UB4
test-3382.png,RVTH4Q
test-3670.png,9QNYSJ
test-1721.png,NF6BQ5
test-2430.png,PG3HVU
test-3721.png,RFU3ZX
test-4765.png,73SRVX
test-745.png,JXJBWN
test-693.png,M7ZG57
test-2760.png,RREQC5
test-1341.png,5F8QZF
test-3132.png,PCF7TD
test-292.png,7ADACS
test-1029.png,B4M2T3
test-3568.png,GK3S6M
test-549.png,224CHS
test-3653.png,EDUUBC
test-180.png,J9KN94
test-1539.png,6U2NUZ
test-2492.png,9TQSEY
test-1457.png,TE4RSP
test-189.png,K9J6KK
test-967.png,A3UGR8
test-1511.png,3F6RNR
test-4916.png,5Q9HR6
test-2721.png,EUQEET
test-469.png,USSRGS
test-3792.png,FA8P47
test-1412.png,U2HJV9
test-497.png,4A96SY
test-3160.png,7ZDZX9
test-2964.png,PA5KY9
test-7.png,2YDPJR
test-1121.png,BYXYE8
test-3323.png,SU8CEX
test-3186.png,JAD7DG
test-3369.png,4ZBV35
test-2034.png,WBFTGF
test-1818.png,QECTAV
test-1407.png,Z7NTCY
test-2138.png,W2FKH7
test-1101.png,VWJ975
test-787.png,A6PX5Z
test-3965.png,WGWUSW
test-338.png,N228RE
test-2618.png,RHPQCY
test-3254.png,B4FVD7
test-1002.png,CHXX67
test-389.png,YABVDC
test-150.png,PRMCEJ
test-3961.png,Z3K5JB
test-4618.png,Z8XWNV
test-4129.png,65XK9H
test-253.png,5ZQMUZ
test-3416.png,VXJN8A
test-670.png,7B429D
test-3169.png,889K87
test-2604.png,6JY8JF
test-2929.png,UBRNDG
test-1521.png,C3VUDB
test-1698.png,M8FCXA
test-4707.png,GFARXC
test-2478.png,XVPZFN
test-2647.png,R545Z2
test-3206.png,YQ9JF3
test-577.png,ANCBJ6
test-4297.png,24GYTF
test-1749.png,928Z68
test-3589.png,MCN3ZC
test-1484.png,S4MHCG
test-3828.png,4MRK5V
test-1945.png,N5NHRP
test-60.png,WRT6XQ
test-2885.png,G9UMTB
test-1078.png,6AQU6T
test-1973.png,ZG4SS2
test-3356.png,K25WRU
test-834.png,DMQBHU
test-4154.png,7RSNKV
test-2996.png,QP9N2W
test-751.png,NW7XG7
test-2474.png,DSVY6H
test-1083.png,S4ZKZK
test-4108.png,GUCK4V
test-57.png,VAJ6DG
test-2564.png,YE82UQ
test-1977.png,CKTWM6
test-1191.png,7FMUVZ
test-4205.png,EKH23M
test-3759.png,VSYQBH
test-3208.png,7C89W4
test-2672.png,7785PX
test-2406.png,HYFJXV
test-114.png,WGGHR4
test-4362.png,RSVDJE
test-2129.png,J255AG
test-104.png,MNYS2T
test-4880.png,XBWN5X
test-3686.png,E4W2KY
test-853.png,NQZYKG
test-3844.png,H2USQ5
test-929.png,4K5C9M
test-3630.png,943HZ8
test-607.png,EHZ5QG
test-3730.png,JE363P
test-1033.png,UA9M5R
test-470.png,QW64E7
test-1330.png,RUR5Z5
test-4357.png,WRP2JE
test-168.png,3Y7R9R
test-4454.png,QGZ6GM
test-4070.png,MF94Q3
test-4270.png,URCSPX
test-4843.png,ANM6PR
test-2857.png,E9TQEE
test-2649.png,JPK2GS
test-4285.png,M23PSG
test-2962.png,MBCRWC
test-4177.png,BECEV3
test-1685.png,CYFAGV
test-2203.png,S45SXC
test-4373.png,PU5B7N
test-3755.png,ENXWPJ
test-2298.png,3NGJ2P
test-2779.png,SB4YMG
test-4960.png,4HDMFB
test-1440.png,5KH8WU
test-4719.png,8TA2MJ
test-4724.png,H52K88
test-1038.png,VP5W7D
test-2267.png,PQG6JW
test-502.png,Z3X633
test-1235.png,J8S9ZY
test-4516.png,J45HB8
test-1712.png,43AMC7
test-1846.png,T3FU5D
test-3530.png,E55BN8
test-2853.png,G4N5FE
test-4961.png,JVJSPY
test-272.png,M6BGRF
test-3088.png,24VZN4
test-4675.png,DTYMDK
test-1117.png,TWYYBE
test-3351.png,CQ763A
test-2480.png,TV5YHE
test-2325.png,H788QW
test-909.png,6GX5Z7
test-3118.png,7PK2GA
test-50.png,8UFZJE
test-4115.png,8TD6GT
test-1904.png,MX3ZZE
test-1349.png,CAN4G4
test-2204.png,9Q7PM8
test-2880.png,9PVBVY
test-2225.png,ZYM7BW
test-2463.png,G9BMDV
test-2627.png,8RB7RK
test-3114.png,T63K4J
test-933.png,V4SQH4
test-581.png,J8D5J9
test-3033.png,EC9DMP
test-1792.png,RERCGC
test-2429.png,H2C6H3
test-1576.png,6UAJQ2
test-2456.png,YNMSVT
test-4058.png,DZCGQA
test-763.png,NNGNQA
test-4239.png,WJ5TT
test-799.png,JXR6Z6
test-604.png,HPQJJ6
test-2650.png,W9XJBD
test-3788.png,U6F79C
test-3348.png,977RZ9
test-2119.png,MV7E5B
test-2512.png,8ZRQUX
test-4725.png,4WW69Z
test-3683.png,9QMNMN
test-1588.png,5326ZM
test-1210.png,GAAPNM
test-1338.png,NC3RKG
test-2069.png,MUPF53
test-3237.png,3DEZBW
test-1480.png,DSFPGQ
test-1527.png,REW7VA
test-1966.png,4STVNN
test-4435.png,DVKE7V
test-3021.png,8SXJT9
test-1928.png,TTRRGW
test-2427.png,4ZK5JN
test-2378.png,7Q2586
test-2425.png,QQNGUS
test-987.png,8SPX6J
test-718.png,PM7VUQ
test-1310.png,G9HYHW
test-210.png,EK3QUS
test-2428.png,8CN35G
test-4727.png,EEQDEY
test-1103.png,5MRWRH
test-797.png,N4PH9D
test-2134.png,8SZMQ2
test-2513.png,3RP4R6
test-1550.png,NRQV98
test-717.png,D3TX23
test-2358.png,4KRW2W
test-644.png,3AQUAK
test-2221.png,QYJVX9
test-4964.png,NHM4QH
test-1018.png,F25TPE
test-4592.png,TF88MB
test-521.png,UV39DN
test-4076.png,PJTFET
test-2158.png,H5ZZCT
test-4231.png,7PPQCZ
test-2489.png,7EGE5E
test-781.png,RKPS27
test-897.png,TA5U39
test-3777.png,5524ZY
test-4475.png,UZW24Y
test-845.png,2KK869
test-814.png,UF8P2R
test-3435.png,KHB3U2
test-635.png,BUZXMP
test-920.png,DW3FWE
test-4095.png,737NM3
test-675.png,8HBBS7
test-48.png,W87DJW
test-4337.png,ZGPPTP
test-2031.png,BE449B
test-914.png,SD3D3C
test-2107.png,QA9MPX
test-2316.png,VYTANF
test-4139.png,XJVEF7
test-849.png,MQJ96Z
test-1161.png,DGVJTF
test-358.png,7KH29Q
test-890.png,HKPJZR
test-3891.png,7RMWB7
test-861.png,TMB376
test-990.png,ZJHKVR
test-672.png,KV4A5V
test-755.png,T3NEZM
test-645.png,QYTC995
test-3699.png,FN594U
test-3151.png,ZM5KZD
test-3837.png,6JHAZ5
test-4071.png,EKTJYJ
test-1234.png,KJGXQV
test-4140.png,NE8YWQ
test-165.png,Y9S6YU
test-1348.png,85WTN8
test-1655.png,TB2PMC
test-2186.png,BX3VSG
test-491.png,7G9KNN
test-2700.png,Y6WHS3
test-3685.png,MCWVV8
test-2399.png,JVDEUW
test-2080.png,KQAMFU
test-4126.png,RUFV2Z
test-1861.png,KRDPPP
test-1314.png,8GRESH
test-3657.png,6D2383
test-4772.png,Z3NVPF
test-3374.png,FMGSYU
test-1276.png,URU9C9
test-1596.png,KRJ7QH
test-4315.png,QM7C69
test-1584.png,X4RV3W
test-3890.png,Q94B8Y
test-3150.png,X3FXH7
test-1731.png,UUNR95
test-4316.png,RUHAYQ
test-622.png,V8UNXG
test-1925.png,C8J2VH
test-455.png,94RM36
test-2224.png,JHCUK7
test-2562.png,85SGYF
test-2373.png,K3UKZF
test-2022.png,XQHJK7
test-1597.png,V9FJ4S
test-3956.png,4A339D
test-4480.png,WWJ7ES
test-4206.png,2XH7SD
test-3013.png,3BYDWC
test-1197.png,Z256F5
test-80.png,RXZYV7
test-1223.png,8KDA5H
test-520.png,M9JNHA
test-4555.png,3GS7SM
test-867.png,5WAN65
test-2212.png,7Z6ZUD
test-2646.png,G2P36N
test-3920.png,QJ4Z5W
test-4372.png,AXM2BV
test-2410.png,RE3N9K
test-130.png,5WP848
test-1070.png,5GZHGM
test-163.png,ZMEEYH
test-282.png,PXMR9B
test-1954.png,8HAHDX
test-514.png,FJ2QED
test-3288.png,FH4QPB
test-4098.png,249VFN
test-893.png,QJET9N
test-1758.png,NMCD7Q
test-752.png,FTA7E2
test-4985.png,J3V3KM
test-447.png,DPBT8Z
test-3308.png,XDMTWJ
test-3776.png,Q6USK6
test-2524.png,M3PJRF
test-363.png,JZYEQN
test-3458.png,UGP8RJ
test-557.png,W449P3
test-4031.png,Y6YR5B
test-2439.png,2DQY5F
test-4589.png,Y6WCXF
test-1280.png,P4S2YD
test-4577.png,RSNWDM
test-4163.png,W66E45
test-4128.png,QE9S7S
test-2131.png,DBTU7Q
test-953.png,4V4BJM
test-2845.png,S54CHW
test-662.png,HHV6Q2
test-9.png,B2Z823
test-2052.png,5WTYPM
test-1177.png,378MV
test-1220.png,Z6C9WF
test-4387.png,P7SW2E
test-2912.png,GGDE7D
test-372.png,Z4P5MU
test-179.png,QQAYMU
test-1864.png,SHJ4JM
test-724.png,CB3XEW
test-2906.png,PB8NTF
test-3293.png,FMFG6H
test-3452.png,SRT5YX
test-1800.png,ETG5X6
test-2284.png,KJ6GXQ
test-775.png,JME8WC
test-4708.png,PQ5XNW
test-977.png,2M6N5E
test-3212.png,STWXKA
test-3130.png,CYR8K7
test-3438.png,KDYBFH
test-1551.png,9JHTCS
test-4526.png,R6G32C
test-4822.png,67TWU6
test-2306.png,PHHHP8
test-4433.png,KZS5J3
test-4403.png,3RN527
test-102.png,N6A65C
test-2130.png,GHGW2S
test-342.png,BX7U9B
test-479.png,FZN4RQ
test-681.png,G9QK9U
test-1922.png,4QG936
test-1274.png,FVWNNT
test-817.png,D38MKA
test-3979.png,Y88SFS
test-1575.png,353EM4
test-2956.png,EPMZHN
test-3688.png,NJY7YR
test-3879.png,W2JUUZ
test-2041.png,P8GZ2V
test-4267.png,6PCCRZ
test-1536.png,4BSZU5
test-2702.png,T3B6DM
test-4995.png,R5ENAF
test-4440.png,MVS6FS
test-1114.png,HHHEE5
test-3289.png,7E2FZ6
test-3876.png,DKH4C4
test-4443.png,SY39VR
test-4532.png,BWH8SZ
test-4845.png,HGKK58
test-4743.png,EKKRNQ
test-4574.png,RAD4D4
test-3095.png,ND73MX
test-1543.png,SGDV8T
test-1295.png,U9XKV5
test-2724.png,KPYXBY
test-2279.png,6PS86W
test-3691.png,QTF4VB
test-3511.png,GY2ERP
test-4647.png,KNHE4V
test-2161.png,AF6HNE
test-1871.png,MX9HJB
test-792.png,27VD6B
test-3739.png,27JRKV
test-1248.png,BHAM9F
test-3230.png,7DZJZG
test-1080.png,T2VHJ5
test-1647.png,JUYTT5
test-4266.png,33BRJR
test-1200.png,JUCYTS
test-1034.png,XS2YZH
test-3997.png,C2HZ5Z
test-4654.png,YBFTFF
test-1378.png,G82NHR
test-2241.png,BW95K6
test-1333.png,B49REM
test-1077.png,M9WXGZ
test-508.png,HX2RRC
test-661.png,RGHN7X
test-3729.png,3CU3A9
test-427.png,8TDE6H
test-3485.png,Y5Q65K
test-2054.png,D2KT4X
test-1728.png,2BKNUD
test-3932.png,Z2DYZV
test-2176.png,SAXPUD
test-1782.png,3YHXDZ
test-532.png,SY5DNA
test-4884.png,FBVE7Y
test-3016.png,GDEAVW
test-255.png,APGNF5
test-3347.png,YMJATY
test-2504.png,58PPC7
test-2865.png,6BKK4T
test-3705.png,U9VBX6
test-4649.png,KR6UH5
test-3428.png,SQVM7B
test-2705.png,36GN7S
test-679.png,Q8TBUP
test-326.png,WP63Z3
test-4606.png,55Q8WV
test-4696.png,Y7GUGX
test-3043.png,BXD49M
test-2879.png,EEN4QR
test-1615.png,H5J9MB
test-616.png,ET7AHM
test-2196.png,HA3DYR
test-3335.png,HW8QKK
test-3679.png,S32PH2
test-2771.png,V2NYHD
test-1873.png,QAT4R3
test-2458.png,BKVPR4
test-4512.png,6N78X2
test-602.png,AFK3ZF
test-3159.png,Y8NCQW
test-4145.png,82PNHX
test-4308.png,RS57AJ
test-4940.png,X7GQBH
test-266.png,QV4U47
test-3161.png,TKA49G
test-3538.png,M7QZ7S
test-3338.png,4B7VGD
test-4072.png,YFXA5
test-1092.png,N4BND3
test-2841.png,QH3NKP
test-224.png,NTN6RC
test-3202.png,YCAT4J
test-3355.png,8JSUJK
test-1133.png,44W22P
test-3553.png,PZ6M2U
test-1402.png,NMKB68
test-3541.png,6DZXEC
test-3905.png,X9WBEC
test-3641.png,SHKT6Q
test-3854.png,XB7V5M
test-900.png,2UEWVA
test-750.png,UP569C
test-3590.png,73A28J
test-3012.png,TZSFK9
test-1517.png,9M6C7P
test-3814.png,7AWKTP
test-4280.png,Y647JZ
test-1918.png,XNHC37
test-4458.png,K9RCSM
test-13.png,YWU8AG
test-2123.png,RSEFAM
test-871.png,DECNR8
test-4894.png,DJZDE4
test-1695.png,E5G747
test-2682.png,THWEUJ
test-1321.png,KK2QXS
test-4351.png,D9A3ZJ
test-639.png,BGPP5F
test-4892.png,MF9ZG6
test-1919.png,JTQGJ9
test-2883.png,TT6WCU
test-4311.png,62NM3V
test-347.png,SMB5SW
test-3260.png,EX2XDP
test-4633.png,8UWXBR
test-4449.png,UF5B7V
test-3564.png,SUGCTJ
test-1606.png,U6CY3C
test-2837.png,SU8KZ7
test-917.png,KYZSHZ
test-4520.png,MDDJK2
test-4093.png,XMUDGK
test-19.png,MA6CZN
test-3042.png,JTJF9K
test-1028.png,EZ8BR9
test-1740.png,X4MEFW
test-4488.png,DF4XW9
test-3778.png,BZQ2XA
test-4418.png,6CUCVA
test-2160.png,C84BQE
test-4854.png,E5M2A4
test-2268.png,TQ97XP
test-1899.png,KADXYH
test-4021.png,MZD973
test-4232.png,KV7HXA
test-4017.png,6U7YQQ
test-4325.png,FWAJK6
test-4408.png,APDE4J
test-2985.png,DGUNU6
test-1113.png,F9KWWG
test-4970.png,B2P9A9
test-3432.png,E49R9S
test-961.png,V9WRHU
test-985.png,BJHJWT
test-1961.png,MXDC49
test-4635.png,YSFMG4
test-3929.png,3B3GX7
test-2404.png,QVEUPK
test-4133.png,PKZ6CQ
test-4282.png,2HHS2H
test-833.png,75D6XS
test-4050.png,4QYKW9
test-1400.png,BXXKTK
test-943.png,2JCUK4
test-3287.png,JEKDUT
test-4769.png,8W6P3J
test-480.png,DVVFF6
test-1826.png,NC5J7S
test-3591.png,DW6BY8
test-3011.png,J89E9C
test-1420.png,X8Y3DJ
test-3644.png,N9SGR2
test-1393.png,B28E2R
test-1231.png,D6YUTV
test-1006.png,ES7T4B
test-4247.png,4HU568
test-4413.png,2444EW
test-3175.png,X94QQS
test-1045.png,6APNR2
test-4180.png,BV4HHS
test-4470.png,7566HP
test-4912.png,YDYBVX
test-1127.png,ZMFFRT
test-1863.png,4RUPPM
test-4025.png,TPMP44
test-2092.png,ZU7S2V
test-2014.png,AHAAZR
test-4895.png,QEKATQ
test-2230.png,BXJK3J
test-420.png,KSAXNK
test-99.png,69M3YH
test-4766.png,GKEQRX
test-1745.png,Q3QNQA
test-1392.png,5YXCAA
test-3659.png,TUG763
test-2787.png,X2YHGB
test-58.png,FH8A57
test-3678.png,PNCR29
test-4218.png,XFV6GQ
test-2911.png,F5AEFG
test-3658.png,AMTNR5
test-730.png,N7383Z
test-1284.png,YGBT9R
test-3.png,RFHJD4
test-3402.png,GVNMGH
test-780.png,V6QVB
test-1668.png,42U9TF
test-1035.png,5RAURP
test-4673.png,C9YVED
test-2626.png,N4URCM
test-2254.png,HNXCNB
test-2785.png,7R63WC
test-1801.png,XGJUHU
test-4786.png,QKRGT9
test-4596.png,RU5BJR
test-563.png,3RHH85
test-1734.png,YXBR9B
test-1493.png,9XM796
test-735.png,67JTMY
test-1007.png,ZX4G8H
test-185.png,FG2SCE
test-3437.png,2RF96B
test-4950.png,H967T8
test-4173.png,UHH2AP
test-4378.png,VP3WBM
test-3554.png,MEKSWJ
test-4304.png,PH36CE
test-4882.png,ND9GPM
test-2436.png,3QHPE5
test-4067.png,GZ6KXQ
test-1646.png,8793AR
test-501.png,VHU65H
test-1404.png,D2WS49
test-4968.png,38R43K
test-4460.png,C9Z3P7
test-3774.png,FUZMDR
test-2839.png,9R2VTC
test-1302.png,ZYPP2R
test-63.png,GDR2Z3
test-4571.png,TWQYTN
test-3674.png,7SPFJ4
test-785.png,C63AUR
test-3467.png,CA4SZA
test-960.png,TKC2AB
test-4245.png,WBU9KH
test-522.png,2WPR3E
test-3852.png,RSAX3D
test-1164.png,FPCFUD
test-1697.png,JJ2YUY
test-1268.png,BA3JZ2
test-4342.png,FXZUJ4
test-1464.png,SZ4B8N
test-2309.png,557MPG
test-2112.png,HT89AT
test-1693.png,8JZVTK
test-4552.png,PHZ5GQ
test-2082.png,KC3KXN
test-1857.png,AS3965
test-4602.png,XNCQA4
test-1258.png,8NJ32P
test-3500.png,UPJFE7
test-4291.png,33JMHP
test-4540.png,TXWSZE
test-228.png,DTXP9B
test-2814.png,3VKC55
test-4340.png,8KX6XM
test-572.png,HBCDT3
test-2496.png,4MMECS
test-3916.png,SM77WM
test-4331.png,TE8W8Y
test-1765.png,SX6KA2
test-1171.png,NDVF8C
test-2903.png,8TKDGZ
test-4737.png,B3RS3Q
test-1727.png,V96HN3
test-878.png,CEHA6J
test-1676.png,J8FA53
test-4121.png,UVE6DA
test-4533.png,XPNEKC
test-4935.png,PG77RE
test-385.png,M3S63T
test-3477.png,QZ2RQR
test-4626.png,EMKH99
test-230.png,K6S8ES
test-925.png,PAW9B4
test-256.png,5GWAPJ
test-2398.png,Y35FQD
test-1063.png,4AN29K
test-4244.png,4N6NZW
test-1471.png,89SPFC
test-2357.png,T2HVJQ
test-3303.png,EZADDZ
test-3753.png,SV2CFU
test-4349.png,4VZQJG
test-2334.png,XG62A6
test-4523.png,KX2R9Q
test-3677.png,S7EB7J
test-181.png,ZU5S7S
test-4581.png,VRRMYD
test-3104.png,HGKVXS
test-1502.png,KHA5JN
test-29.png,MNZWT5
test-1996.png,CNVJR9
test-1286.png,PK8W7X
test-3756.png,2Z7NGV
test-125.png,86VANY
test-2920.png,CWUVWJ
test-3158.png,DJ4KS8
test-4549.png,YHNMN6
test-4836.png,HT5KA9
test-313.png,FH2SW2
test-4612.png,BVTV69
test-3276.png,NFENBV
test-4130.png,8YKN4M
test-1976.png,YMAGU9
test-1108.png,3WEMD2
test-2081.png,4AKQ5M
test-2367.png,GQEM69
test-443.png,ZKS4YH
test-4599.png,8JWQ3X
test-1146.png,X9PH9K
test-2319.png,H586SU
test-3731.png,YV73CR
test-3046.png,YHX9Q2
test-4066.png,A2M97H
test-4347.png,75NQD5
test-3922.png,XPHYVE
test-534.png,QXG3MV
test-515.png,H4T6KA
test-1752.png,NAMWKS
test-663.png,HYW4S7
test-2056.png,9UW5JS
test-298.png,Z5NJMF
test-1337.png,UJYKKE
test-972.png,D2U9A6
test-1494.png,2B3JP8
test-2059.png,4QJ6FV
test-2806.png,M9DHW6
test-219.png,RR9NWP
test-4268.png,DDDFXA
test-268.png,VUZBJK
test-2063.png,95UGS5
test-1352.png,X33CJ5
test-3749.png,56RCZ8
test-959.png,QQFW3N
test-4294.png,HN6P2Z
test-3547.png,2SMDCS
test-4202.png,DN293W
test-3481.png,WCAXG3
test-1868.png,M5TEJW
test-487.png,2EPJUR
test-2019.png,5AUJQ3
test-2032.png,CWVM2S
test-3542.png,GZAU3J
test-1980.png,KMGVBF
test-4604.png,K58852
test-2789.png,W5RPMN
test-1067.png,GWUTXV
test-1450.png,EWD9YA
test-4715.png,XH679P
test-379.png,TTY9SV
test-4844.png,SW4N29
test-4754.png,DVXFJH
test-1948.png,S25AYC
test-306.png,GAYTDG
test-4744.png,6M8RDG
test-3268.png,2DKKET
test-435.png,E5CN5J
test-3329.png,Q8P3R4
test-1187.png,6XRCYE
test-3515.png,3FUKHF
test-907.png,TZEMGH
test-2674.png,TXYAAF
test-3386.png,Q3DJK6
test-2293.png,9E799R
test-190.png,5BJ3KF
test-1131.png,TZJQTT
test-4937.png,VT3PFK
test-1079.png,ZDH64F
test-4734.png,4BFQ6N
test-155.png,SH3D4Y
test-1660.png,2KDR7Q
test-2039.png,7AUSPK
test-945.png,2YUNJW
test-4728.png,VEKZJ7
test-3057.png,E3YGPZ
test-4486.png,4S9G5K
test-1021.png,3CV64J
test-2658.png,ZMCYMA
test-710.png,3VWT98
test-2035.png,333YQN
test-2070.png,XM22JT
test-3096.png,5B5ZEF
test-2742.png,A7H93M
test-898.png,S2QYF7
test-2967.png,KKP8ZA
test-121.png,JHFXAX
test-3533.png,3JVZZ7
test-2994.png,FJQAY6
test-1650.png,E9EVFT
test-2121.png,A5UTM9
test-4322.png,76U7X3
test-4020.png,WQFTYX
test-3234.png,D984XE
test-4976.png,W5PJKW
test-3358.png,VR72AC
test-2016.png,D7ZSCA
test-3938.png,Y2YQ6V
test-1351.png,VA5RUW
test-4487.png,QSJF65
test-2142.png,JU9T5J
test-2141.png,NMX4ZJ
test-1044.png,ZYTHRV
test-4227.png,5E46B6
test-777.png,8DG4KA
test-3164.png,GRJY46
test-3198.png,UGVVMT
test-4048.png,B55Z3N
test-3089.png,XK89Y5
test-2477.png,5JNXXY
test-692.png,VSZCJ2
test-481.png,KXTBEM
test-3534.png,TCPJU8
test-380.png,QCPVDX
test-4925.png,ER6X25
test-4785.png,NCCU2T
test-1907.png,GSMAA6
test-2978.png,593JVB
test-267.png,CQ8R43
test-233.png,CX7UYS
test-2182.png,36C75X
test-127.png,M5DMAH
test-2215.png,CTEVRV
test-4514.png,7XRY5C
test-3113.png,FH9KEK
test-4034.png,QMW5KR
test-1156.png,AT3XBR
test-3493.png,JGFD4R
test-4863.png,T9MMJ9
test-4080.png,CHYS9W
test-2669.png,QTM99Z
test-3606.png,2H97HG
test-1879.png,3WFETQ
test-4952.png,K7BWGD
test-2969.png,GPY98Z
test-1246.png,RVBKSC
test-2395.png,X3BG5Z
test-3494.png,875F9P
test-3833.png,67HA24
test-173.png,XEVA2D
test-1696.png,BVWA8F
test-1775.png,V2VKQ6
test-4149.png,DCDB2E
test-2351.png,P2FPWC
test-65.png,R6535U
test-2064.png,EC746J
test-2120.png,EFXB83
test-141.png,Q7B77F
test-4984.png,5BRW5D
test-3141.png,R6TGSW
test-3072.png,XRR9SV
test-4367.png,XQ2WVW
test-4547.png,6P8CMU
test-2145.png,PGW5SK
test-1368.png,FZ5ABA
test-4081.png,B33CSS
test-848.png,T2JDJ9
test-4377.png,CV46RV
test-149.png,6C2VXQ
test-2995.png,G6ZNRD
test-4165.png,FGGYRT
test-583.png,AXZ87Y
test-3539.png,AQM9KE
test-324.png,UG24ZW
test-1776.png,PKHE8W
test-4517.png,EW8KW5
test-3074.png,SXNRZH
test-1485.png,GBS6ZQ
test-2216.png,GZQF3W
test-564.png,8KQUJN
test-2079.png,4Y7URT
test-2106.png,J4YZCM
test-1920.png,BY8MUT
test-4575.png,EQK4VT
test-3827.png,NPFPJU
test-3146.png,6R2UTY
test-3040.png,VVMAQ3
test-248.png,HW6ZCM
test-2084.png,4ZPDQ
test-636.png,M37WKA
test-1671.png,6SR2A9
test-334.png,Z6SWYW
test-1426.png,776FJ9
test-547.png,5FNA8H
test-4404.png,NDT368
test-685.png,2CV7D3
test-489.png,RGCXG3
test-686.png,VV653Z
test-2485.png,R2MMYE
test-346.png,F73YHJ
test-2971.png,6ESZ5M
test-4269.png,ET3C62
test-1179.png,SBXD5W
test-325.png,6VYE34
test-1779.png,2KHA8B
test-1421.png,ZAJZJN
test-802.png,GM4CEF
test-175.png,UJA8C5
test-4252.png,95ZRDD
test-3048.png,58YAQV
test-1478.png,ZT3SQP
test-211.png,F6QDTJ
test-3219.png,9PFVJ7
test-4099.png,KKWKNC
test-2353.png,P6VJB8
test-2322.png,U24Q7P
test-205.png,VUB64R
test-688.png,3T5Z7J
test-1410.png,CANS82
test-1656.png,YS2BQP
test-955.png,RPUZEC
test-4394.png,BX9AQQ
test-236.png,H6G3Q9
test-1677.png,5E6JAV
test-1610.png,FXN25H
test-4053.png,VC6URH
test-1814.png,ER4Z97
test-3472.png,8AS8T6
test-3246.png,DX4PSY
test-1932.png,25PZRA
test-2875.png,V4FHJ7
test-2091.png,X7WUU
test-3051.png,8XFGYP
test-742.png,FUQPT4
test-815.png,JHQ7JP
test-3087.png,TZZCSD
test-2294.png,HFEW6X
test-3684.png,228WP8
test-518.png,38JTQR
test-496.png,7539TM
test-2497.png,CR7ZGE
test-1949.png,M8NNBS
test-24.png,G9C6SG
test-1570.png,DYVKAT
test-4229.png,NWC2A9
test-2397.png,WB7YFG
test-1188.png,PFC4ZQ
test-152.png,7AE5TR
test-4842.png,Z5JPMX
test-3326.png,CJ7QRK
test-1645.png,SZB9XT
test-3109.png,6BCAFT
test-3195.png,GTMRKJ
test-4686.png,ZKZC5S
test-456.png,NBNN8W
test-2386.png,NMXMZG
test-3701.png,DTR5DW
test-1642.png,ZJFUS4
test-4046.png,Q2NRMT
test-1184.png,334VCJ
test-1577.png,MKH4H5
test-3077.png,BSJSSU
test-712.png,QXB89C
test-3166.png,2HZ95B
test-3649.png,MTF9CP
test-4869.png,HGCJGJ
test-2923.png,SBTT9Z
test-2200.png,AK869Y
test-2053.png,D6QYQC
test-1017.png,GV7VH9
test-344.png,7F37RC
test-2668.png,253HFF
test-3942.png,7EPXFP
test-906.png,7R3D4U
test-4861.png,XDCDTZ
test-2592.png,HA8PC8
test-3706.png,Q73S8G
test-2922.png,JY6U5M
test-2861.png,C3QA2H
test-4735.png,W8FDMA
test-2419.png,PS2SD6
test-3800.png,BD4T82
test-1134.png,569JHR
test-4276.png,TN24H3
test-619.png,Y7ZRFF
test-3895.png,3A6JYU
test-2162.png,H7R4RH
test-129.png,QU5ZN4
test-4558.png,EW4YSE
test-1701.png,RKF87B
test-4905.png,MEYEDT
test-1459.png,94PM4T
test-1682.png,4FZZYX
test-4764.png,Y9R92F
test-4330.png,65D39M
test-2753.png,R6Y95B
test-1741.png,7RWGFS
test-3120.png,GKRVFR
test-137.png,RGMUXM
test-3464.png,T62TZK
test-3775.png,CXKSUD
test-3963.png,7MVX52
test-3798.png,XQU4K5
test-731.png,5EZBW4
test-2057.png,82F9AY
test-3599.png,WGRPWX
test-2740.png,BTN477
test-4006.png,MK4BX9
test-362.png,PM74AB
test-4860.png,8S8PV6
test-229.png,4FQ4W9
test-349.png,KMNRJM
test-1988.png,7EUH8U
test-1892.png,ZRH3CT
test-2643.png,9675ER
test-1436.png,UU5PPS
test-3341.png,CN76M6
test-993.png,DRW5ND
test-4422.png,UX4Y7T
test-4878.png,E2UXW8
test-3014.png,4QEAEK
test-1442.png,Y8CR76
test-2622.png,F2JA9M
test-2475.png,9RPZ6U
test-277.png,G9FMWG
test-810.png,ZNZA9G
test-2897.png,G85BR6
test-2376.png,N757HN
test-2816.png,SX298A
test-727.png,VNVED9
test-2764.png,UPPU2R
test-2819.png,YEU7JJ
test-86.png,SET5PN
test-3325.png,F9WVFB
test-3817.png,AKZFGN
test-341.png,KBMEGY
test-634.png,QZ2EQH
test-1940.png,T8RPNS
test-2840.png,W2YXZ6
test-4746.png,XVKQZP
test-490.png,VG72J5
test-707.png,9VJ2D4
test-4292.png,B2U9A5
test-4683.png,NS6Q7Q
test-2932.png,HHHKRT
test-1107.png,DQ2MRK
test-3990.png,E99AAH
test-308.png,FV9EJN
test-1601.png,2B2SJ7
test-4246.png,4D7GTF
test-367.png,M8JVAB
test-2388.png,PMVQYE
test-3652.png,VF3VPB
test-2490.png,GUBQGN
test-1056.png,C8ZSH4
test-374.png,7GDFJ8
test-1211.png,NBU262
test-4262.png,938UXY
test-1311.png,QDG2KJ
test-3414.png,38BV35
test-1613.png,6628P9
test-975.png,7DVEWB
test-2315.png,3ATJET
test-2074.png,DHDWAM
test-3197.png,979JME
test-3847.png,RQR22G
test-2503.png,QZTXRK
test-4508.png,G86Z9K
test-3284.png,N5QESG
test-2275.png,8ZAQ96
test-2611.png,BRYNK4
test-1979.png,B9UX73
test-3312.png,DYZQZ3
test-940.png,JNDJNT
test-2194.png,7BWT38
test-3881.png,NY4834
test-1154.png,S6UA5J
test-2800.png,BYV5B
test-3128.png,GCBHZW
test-1717.png,MAFX7Z
test-4019.png,WXK5D6
test-4627.png,4SDJWN
test-2943.png,P5KASP
test-1317.png,GEG7EU
test-2959.png,288HHC
test-2050.png,663P69
test-4085.png,YU3MHH
test-633.png,2PE5UQ
test-2349.png,PXYTN7
test-3363.png,E3T77V
test-2150.png,RH2KWW
test-1556.png,4RABGS
test-2596.png,URT3AV
test-2582.png,T9EK26
test-2982.png,ZSKRMV
test-4542.png,33CVE9
test-3045.png,AGMN7K
test-174.png,KJHGWY
test-3377.png,GW9FFP
test-2220.png,88VRMY
test-954.png,N9T3UF
test-706.png,2WP89V
test-4302.png,98886P
test-1460.png,P635P9
test-2502.png,9G2NX3
test-2748.png,9RXVHQ
test-4084.png,JF8929
test-2968.png,DVJTG6
test-4409.png,5E842U
test-2245.png,FATT2B
test-3746.png,DVET62
test-1876.png,VZRJ43
test-524.png,8FY3SK
test-2578.png,3S4CT5
test-301.png,U86C5K
test-4690.png,UTBQ28
test-246.png,DGBFXP
test-2414.png,UYK7XG
test-4456.png,NSC3F4
test-4391.png,2YZTBK
test-3232.png,NTRM9K
test-3692.png,8C48WZ
test-1395.png,6YSFPF
test-4566.png,PVKWE5
test-1059.png,8WP77F
test-3321.png,SY5PS9
test-4906.png,QSN23S
test-4534.png,SM5TMA
test-2239.png,DQHNFA
test-794.png,VQU7SQ
test-2307.png,466SAJ
test-3821.png,YVRWF4
test-1936.png,AU2HH4
test-4492.png,Y6D3XF
test-759.png,C77MVB
test-769.png,WAJEFA
test-2711.png,C9DE3Y
test-513.png,TY53P4
test-3665.png,T5EW5Y
test-4802.png,7XG974
test-4692.png,ZASD53
test-1023.png,ZPHFAT
test-813.png,G45UEB
test-3310.png,MW9YM5
test-4161.png,HUVVG5
test-2387.png,8UU9DJ
test-1408.png,56SQT8
test-1621.png,RXQJC6
test-1710.png,G4724K
test-3933.png,S2N44A
test-1781.png,NXSPVM
test-3433.png,FR8XPA
test-4877.png,9U5V6R
test-2899.png,2EVZ4Y
test-391.png,UG4MVX
test-2796.png,94MCYP
test-4790.png,CQAPDF
test-3780.png,3P2J3R
test-791.png,3CKJHC
test-2693.png,WFK5K2
test-4795.png,7V2JXB
test-369.png,NSUV42
test-1366.png,W46CVD
test-4402.png,46PF96
test-2433.png,F62HAW
test-2694.png,GH74YE
test-1877.png,RMXDAW
test-2099.png,8QUFUV
test-4864.png,RKXUUM
test-851.png,9GZPA9
test-191.png,T5CSJN
test-2887.png,PFXY3W
test-684.png,N2CY9X
test-1452.png,P7NM37
test-4914.png,TYMQPU
test-4813.png,YEYCKY
test-4192.png,Y6WX4D
test-1794.png,6KPQWU
test-2488.png,RYK7ZS
test-4529.png,5RMHFM
test-3446.png,GU87K3
test-1860.png,EXJRSE
test-3613.png,96MHXG
test-1182.png,4CX94R
test-2893.png,QPDYYF
test-903.png,DE3TG7
test-3231.png,4N9KGD
test-2286.png,SNHPME
test-1602.png,HF4ETV
test-1755.png,3W69NK
test-2003.png,J7X9MC
test-84.png,AMN2JS
test-1780.png,QJ436Q
test-3460.png,7M52EU
test-222.png,2YFPXB
test-4491.png,MZ6UEN
test-2556.png,PJH43J
test-860.png,YKUUAB
test-4598.png,9JFP8W
test-2413.png,YYM4JD
test-3482.png,A3K5MU
test-1415.png,TW3NMW
test-1509.png,WP92UD
test-421.png,PKBZST
test-4275.png,6K57BZ
test-4013.png,43WZYT
test-1838.png,YPEKT6
test-2732.png,VKMGBF
test-1306.png,5UR4MJ
test-3126.png,ADW8WK
test-1157.png,HKB86S
test-3974.png,U6AUT2
test-1259.png,Q4QWV8
test-4104.png,X3AJGH
test-3985.png,US9XBH
test-4740.png,J47WMG
test-1046.png,ZCUT4Y
test-904.png,KAUFDG
test-471.png,UAC5BH
test-1097.png,EVMZKQ
test-1825.png,6UZ6GN
test-4559.png,MR5PKF
test-4157.png,EBDZ3W
test-3612.png,MSX3HZ
